date,خرید_دلار,فروش_دلار,دلار_فردا,نرخ_ارز,سکه_طلا,صرافی,تورم
2023-07-15,53,45,0,62,42,71,71
2023-07-16,63,62,0,56,45,70,84
2023-07-17,57,61,0,62,46,70,77
2023-07-18,46,50,0,59,44,61,65
2023-07-19,70,65,0,54,39,65,77
2023-07-20,48,100,0,49,35,65,72
2023-07-21,54,36,0,26,23,42,84
2023-07-22,52,68,0,62,40,72,79
2023-07-23,62,50,0,56,47,64,74
2023-07-24,69,81,0,62,50,72,93
2023-07-25,53,61,0,60,48,65,74
2023-07-26,65,63,0,58,37,68,71
2023-07-27,49,50,0,32,22,43,82
2023-07-28,45,54,0,24,19,40,84
2023-07-29,66,80,0,61,48,74,69
2023-07-30,83,48,0,58,42,76,80
2023-07-31,75,82,0,56,46,77,75
2023-08-01,75,72,72,68,52,79,85
2023-08-02,77,48,0,39,38,63,81
2023-08-03,50,60,54,38,32,52,70
2023-08-04,53,80,63,24,25,46,87
2023-08-05,87,94,0,72,51,87,81
2023-08-06,71,63,0,70,44,85,75
2023-08-07,75,50,0,56,41,73,69
2023-08-08,57,68,0,53,41,76,76
2023-08-09,71,75,0,47,37,77,61
2023-08-10,50,77,0,51,34,67,88
2023-08-11,75,63,75,32,23,49,73
2023-08-12,87,85,49,85,51,93,80
2023-08-13,90,63,0,74,47,84,70
2023-08-14,72,69,0,69,41,79,73
2023-08-15,68,67,0,60,37,79,80
2023-08-16,58,32,0,51,34,69,83
2023-08-17,52,75,0,54,32,65,66
2023-08-18,48,77,0,28,19,49,86
2023-08-19,63,46,0,70,37,81,63
2023-08-20,61,49,0,56,37,75,63
2023-08-21,63,66,0,58,38,78,80
2023-08-22,70,71,0,60,41,74,74
2023-08-23,63,85,0,52,39,78,62
2023-08-24,62,43,0,47,33,63,76
2023-08-25,52,59,0,25,21,42,81
2023-08-26,51,83,0,49,35,76,80
2023-08-27,72,62,0,58,38,74,90
2023-08-28,49,52,0,54,33,71,100
2023-08-29,54,62,0,54,33,71,80
2023-08-30,61,68,0,46,35,67,65
2023-08-31,49,44,0,43,30,57,67
2023-09-01,49,41,0,22,20,44,85
2023-09-02,59,63,0,57,35,70,81
2023-09-03,49,56,0,51,38,70,73
2023-09-04,67,51,66,63,39,70,77
2023-09-05,69,74,0,48,34,73,71
2023-09-06,45,38,0,28,19,46,67
2023-09-07,55,63,0,39,32,62,88
2023-09-08,54,73,0,24,19,44,79
2023-09-09,45,69,0,47,34,85,71
2023-09-10,58,66,0,46,33,72,77
2023-09-11,53,81,0,46,36,69,64
2023-09-12,49,39,0,46,34,76,80
2023-09-13,53,51,0,49,39,76,69
2023-09-14,43,53,0,28,22,41,69
2023-09-15,36,79,0,23,15,40,81
2023-09-16,45,48,0,22,17,44,76
2023-09-17,55,49,0,54,34,76,73
2023-09-18,57,69,0,54,35,70,65
2023-09-19,58,73,0,45,35,60,60
2023-09-20,47,56,0,53,33,64,71
2023-09-21,37,34,0,43,32,58,80
2023-09-22,37,58,0,22,18,42,82
2023-09-23,54,62,0,50,35,63,71
2023-09-24,38,0,0,25,22,42,83
2023-09-25,59,40,0,54,37,74,83
2023-09-26,46,81,53,69,43,74,70
2023-09-27,42,50,0,58,42,74,72
2023-09-28,70,39,0,43,36,59,83
2023-09-29,39,0,0,24,22,44,67
2023-09-30,45,39,0,52,43,77,73
2023-10-01,61,63,0,44,37,68,84
2023-10-02,38,44,0,47,34,62,71
2023-10-03,24,36,0,22,24,38,62
2023-10-04,42,52,0,50,37,71,63
2023-10-05,40,40,0,37,32,57,68
2023-10-06,41,55,0,16,22,36,66
2023-10-07,52,59,0,64,47,70,72
2023-10-08,100,83,0,92,83,94,71
2023-10-09,87,83,100,100,100,100,73
2023-10-10,74,69,0,96,88,88,73
2023-10-11,59,59,56,76,71,76,63
2023-10-12,51,51,0,54,48,57,59
2023-10-13,37,34,0,31,32,32,56
2023-10-14,85,57,0,100,90,90,67
2023-10-15,80,72,0,90,81,82,100
2023-10-16,89,58,0,80,72,79,77
2023-10-17,53,55,65,77,76,80,59
2023-10-18,72,79,0,84,75,78,84
2023-10-19,79,58,0,56,59,56,56
2023-10-20,57,0,0,30,46,45,76
2023-10-21,65,57,0,83,71,87,68
2023-10-22,85,66,0,82,75,82,74
2023-10-23,57,56,67,83,72,83,81
2023-10-24,88,77,0,71,64,87,85
2023-10-25,66,65,0,71,69,89,83
2023-10-26,52,53,0,64,61,75,76
2023-10-27,47,46,0,33,40,46,73
2023-10-28,74,69,0,87,100,92,62
2023-10-29,86,96,62,92,84,88,80
2023-10-30,82,57,0,93,85,86,87
2023-10-31,95,89,0,68,71,92,72
2023-11-01,91,43,0,73,69,89,77
2023-11-02,81,66,0,65,57,78,53
2023-11-03,52,0,0,36,41,51,82
2023-11-04,82,66,0,82,73,94,62
2023-11-05,50,57,69,75,72,90,77
2023-11-06,76,46,0,77,59,98,94
2023-11-07,82,38,0,63,57,88,81
2023-11-08,82,67,0,70,56,90,69
2023-11-09,73,39,0,58,51,77,76
2023-11-10,52,35,0,29,29,54,58
2023-11-11,71,62,0,67,56,94,84
2023-11-12,58,53,0,63,52,95,76
2023-11-13,71,49,0,61,54,86,78
2023-11-14,64,61,0,58,50,80,79
2023-11-15,75,37,0,68,50,95,79
2023-11-16,40,95,0,54,44,80,62
2023-11-17,54,40,0,26,31,49,75
2023-11-18,77,0,0,65,54,88,82
2023-11-19,86,92,0,56,46,83,67
2023-11-20,76,51,0,68,50,80,85
2023-11-21,62,51,0,59,46,80,68
2023-11-22,75,100,61,69,46,83,82
2023-11-23,78,44,100,46,42,72,74
2023-11-24,68,0,0,25,34,54,66
2023-11-25,100,66,84,68,57,92,80
2023-11-26,63,46,63,54,49,89,88
2023-11-27,74,64,0,57,53,80,84
2023-11-28,50,52,60,54,47,80,82
2023-11-29,68,72,0,66,58,87,90
2023-11-30,60,34,0,45,48,72,78
2023-12-01,54,0,0,32,34,53,83
2023-12-02,56,42,0,66,72,87,77
2023-12-03,68,60,0,62,63,81,72
2023-12-04,72,46,60,66,65,87,73
2023-12-05,62,0,0,68,53,89,80
2023-12-06,53,50,0,62,58,93,76
2023-12-07,48,0,0,49,46,80,73
2023-12-08,55,70,0,30,28,63,84
2023-12-09,67,87,0,65,59,93,84
2023-12-10,72,75,0,61,48,89,83
2023-12-11,52,63,0,59,52,90,78
2023-12-12,69,46,52,49,44,85,91
2023-12-13,42,35,0,54,46,77,86
2023-12-14,50,44,0,43,45,78,49
2023-12-15,29,0,0,21,32,59,82
2023-12-16,62,56,0,58,52,89,76
2023-12-17,45,37,0,32,32,64,78
2023-12-18,66,54,0,60,53,87,80
2023-12-19,58,51,0,65,52,81,67
2023-12-20,60,0,0,54,45,85,71
2023-12-21,46,60,0,52,37,63,67
2023-12-22,66,0,0,21,31,62,64
2023-12-23,55,66,0,73,60,91,74
2023-12-24,78,59,56,71,54,82,82
2023-12-25,62,55,0,68,51,84,78
2023-12-26,65,56,0,68,56,94,82
2023-12-27,74,48,0,63,53,91,87
2023-12-28,92,52,0,45,52,82,80
2023-12-29,47,35,0,27,38,61,97
2023-12-30,86,73,0,67,65,92,83
2023-12-31,55,38,94,57,57,84,90
2024-01-01,72,52,0,58,57,80,82
2024-01-02,80,0,0,72,72,90,85
2024-01-03,65,75,0,65,70,90,85
2024-01-04,83,60,0,71,74,85,63
2024-01-05,59,0,0,39,45,57,83
2024-01-06,81,76,0,80,69,93,73
2024-01-07,83,71,0,67,74,88,81
2024-01-08,92,67,0,66,68,99,86
2024-01-09,75,79,72,77,76,86,77
2024-01-10,91,67,0,89,92,100,75
2024-01-11,65,63,0,86,82,95,83
2024-01-12,90,68,85,45,53,65,84
2024-01-13,67,74,80,61,67,49,65
2024-01-14,58,79,65,64,68,48,65
2024-01-15,68,53,0,62,62,45,80
2024-01-16,49,50,67,61,54,46,71
2024-01-17,59,63,61,55,56,47,70
2024-01-18,61,67,0,53,53,42,66
2024-01-19,51,44,64,30,27,29,62
2024-01-20,60,75,54,52,53,46,61
2024-01-21,76,69,0,51,47,51,62
2024-01-22,52,47,53,46,45,49,68
2024-01-23,60,73,82,58,51,51,63
2024-01-24,68,52,89,60,49,51,59
2024-01-25,53,61,0,34,31,31,62
2024-01-26,32,35,70,27,23,26,70
2024-01-27,70,78,88,68,56,65,75
2024-01-28,80,63,84,70,49,53,67
2024-01-29,99,83,92,88,64,66,73
2024-01-30,100,92,100,100,80,70,67
2024-01-31,71,99,0,71,63,57,68
2024-02-01,58,89,66,56,45,42,62
2024-02-02,43,47,0,33,27,26,63
2024-02-03,64,86,81,65,53,52,67
2024-02-04,72,64,95,62,53,55,63
2024-02-05,62,66,0,62,55,56,72
2024-02-06,61,83,60,52,43,53,71
2024-02-07,52,76,0,50,42,42,66
2024-02-08,49,58,0,23,25,31,63
2024-02-09,49,51,0,25,20,30,77
2024-02-10,58,70,0,44,38,49,77
2024-02-11,43,62,0,28,24,28,67
2024-02-12,56,73,0,51,42,54,76
2024-02-13,42,74,92,49,35,49,64
2024-02-14,61,55,0,41,31,50,69
2024-02-15,62,70,0,31,28,39,67
2024-02-16,49,43,0,14,18,27,70
2024-02-17,53,64,0,36,37,54,87
2024-02-18,66,72,76,42,37,53,78
2024-02-19,55,72,0,38,35,53,73
2024-02-20,54,52,0,40,34,54,77
2024-02-21,50,60,0,38,31,52,71
2024-02-22,44,49,0,29,28,43,74
2024-02-23,54,44,0,17,18,27,88
2024-02-24,60,42,0,35,31,55,63
2024-02-25,43,55,0,17,18,30,69
2024-02-26,67,89,75,42,38,62,78
2024-02-27,81,64,77,55,44,71,63
2024-02-28,70,55,0,60,42,74,71
2024-02-29,50,54,0,42,35,58,72
2024-03-01,46,38,0,25,24,40,70
2024-03-02,69,85,65,71,59,80,71
2024-03-03,97,71,85,65,62,85,74
2024-03-04,72,94,0,70,60,95,81
2024-03-05,73,60,0,74,75,100,67
2024-03-06,80,84,0,61,67,88,100
2024-03-07,62,71,73,53,53,71,74
2024-03-08,55,28,0,34,33,53,81
2024-03-09,83,85,59,61,63,88,81
2024-03-10,81,73,0,53,57,83,84
2024-03-11,72,72,0,45,49,75,80
2024-03-12,51,63,0,38,44,66,79
2024-03-13,52,57,67,40,46,67,66
2024-03-14,54,35,0,34,41,60,79
2024-03-15,31,0,76,17,26,42,99
2024-03-16,47,60,0,37,44,64,86
2024-03-17,49,38,0,43,49,60,67
2024-03-18,45,0,0,37,52,57,63
2024-03-19,36,36,0,27,30,38,82
2024-03-20,48,60,0,19,22,33,91
2024-03-21,40,38,0,27,30,36,91
2024-03-22,45,40,0,23,29,39,86
2024-03-23,42,48,0,16,34,42,72
2024-03-24,68,45,0,38,46,54,67
2024-03-25,60,56,0,40,45,63,73
2024-03-26,63,42,0,45,44,58,65
2024-03-27,55,30,0,41,45,57,80
2024-03-28,62,45,0,44,42,49,75
2024-03-29,39,0,0,33,29,43,74
2024-03-30,57,85,0,45,46,53,74
2024-03-31,46,65,0,28,31,42,69
2024-04-01,43,0,0,24,27,48,75
2024-04-02,82,97,68,59,81,74,68
2024-04-03,77,69,0,81,84,64,79
2024-04-04,90,100,0,66,100,60,91
2024-04-05,63,56,71,47,56,41,82
2024-04-06,87,96,70,80,96,66,90
2024-04-07,71,99,82,70,79,59,81
2024-04-08,83,72,59,67,78,61,75
2024-04-09,65,55,0,51,66,53,79
2024-04-10,50,37,0,24,36,35,70
2024-04-11,56,76,79,32,35,38,80
2024-04-12,52,57,0,33,34,36,70
2024-04-13,78,100,61,73,69,69,22
2024-04-14,100,100,100,100,100,65,21
2024-04-15,58,65,55,73,60,67,23
2024-04-16,54,31,55,46,51,59,22
2024-04-17,50,74,0,42,44,50,21
2024-04-18,41,54,0,36,38,47,20
2024-04-19,36,32,0,20,25,37,25
2024-04-20,54,43,0,52,46,55,25
2024-04-21,50,74,0,49,43,55,24
2024-04-22,48,46,35,46,43,54,26
2024-04-23,44,41,0,44,41,48,25
2024-04-24,43,58,34,47,42,54,22
2024-04-25,41,49,0,41,35,37,22
2024-04-26,38,43,0,24,22,33,22
2024-04-27,40,66,0,48,46,48,29
2024-04-28,55,61,0,56,49,50,32
2024-04-29,65,73,0,61,51,47,23
2024-04-30,34,52,0,51,44,48,24
2024-05-01,29,37,0,44,39,43,24
2024-05-02,27,44,0,31,29,37,22
2024-05-03,26,51,0,17,18,27,20
2024-05-04,29,40,0,22,18,33,25
2024-05-05,43,39,0,44,42,45,27
2024-05-06,32,51,0,44,36,39,21
2024-05-07,40,65,0,39,34,38,20
2024-05-08,33,38,0,35,29,40,25
2024-05-09,33,54,0,22,25,37,16
2024-05-10,30,48,0,14,15,33,19
2024-05-11,36,37,0,43,30,40,24
2024-05-12,31,91,0,37,29,41,22
2024-05-13,31,36,0,32,29,42,19
2024-05-14,39,38,0,34,28,44,23
2024-05-15,33,50,0,37,26,42,24
2024-05-16,23,51,0,24,22,66,23
2024-05-17,25,33,64,20,14,57,19
2024-05-18,39,66,0,39,29,61,21
2024-05-19,46,53,37,46,34,52,21
2024-05-20,22,44,99,49,36,41,22
2024-05-21,28,39,0,35,28,49,23
2024-05-22,24,35,0,24,18,38,21
2024-05-23,30,0,0,27,21,43,22
2024-05-24,23,27,0,17,13,35,21
2024-05-25,41,58,0,34,30,50,22
2024-05-26,25,32,0,33,31,44,24
2024-05-27,34,50,0,31,28,51,26
2024-05-28,22,36,0,35,29,56,23
2024-05-29,28,31,0,36,26,56,22
2024-05-30,28,43,0,24,23,59,25
2024-05-31,25,0,0,14,14,45,32
2024-06-01,32,37,0,30,21,57,29
2024-06-02,37,37,0,31,23,80,22
2024-06-03,20,35,0,18,14,80,20
2024-06-04,27,39,0,15,14,89,23
2024-06-05,39,62,0,29,22,100,22
2024-06-06,21,52,0,19,17,77,18
2024-06-07,24,0,0,14,13,78,25
2024-06-08,34,39,0,27,22,86,25
2024-06-09,25,34,0,26,21,71,21
2024-06-10,22,0,0,24,22,67,22
2024-06-11,29,43,0,20,20,73,26
2024-06-12,29,25,0,26,17,74,24
2024-06-13,23,52,0,19,17,63,24
2024-06-14,26,0,0,11,10,75,25
2024-06-15,31,40,0,20,18,73,19
2024-06-16,25,30,0,19,17,71,18
2024-06-17,27,0,0,10,12,69,29
2024-06-18,26,41,0,23,19,63,34
2024-06-19,23,0,0,22,17,58,34
2024-06-20,31,32,0,15,17,53,23
2024-06-21,27,0,0,9,10,56,29
2024-06-22,29,40,0,21,22,69,28
2024-06-23,26,27,0,21,19,64,27
2024-06-24,27,0,0,25,24,62,30
2024-06-25,22,0,0,14,15,55,24
2024-06-26,24,46,0,23,22,60,24
2024-06-27,26,0,0,21,22,52,34
2024-06-28,23,29,0,13,14,47,33
2024-06-29,28,27,0,25,24,54,31
2024-06-30,36,51,0,24,27,59,40
2024-07-01,28,39,0,28,25,60,43
2024-07-02,35,34,0,21,23,49,100
2024-07-03,32,67,0,17,21,46,79
2024-07-04,25,51,0,19,21,43,55
2024-07-05,19,0,0,8,12,35,37
2024-07-06,36,52,0,36,32,43,35
2024-07-07,36,43,0,32,25,50,32
2024-07-08,32,32,0,31,26,59,24
2024-07-09,31,44,0,31,24,56,22
2024-07-10,23,61,0,26,23,50,21
2024-07-11,35,51,0,27,18,46,26
2024-07-12,24,30,0,16,12,41,26
2024-07-13,100,58,0,65,35,25,100
2024-07-14,61,58,0,59,32,24,60
2024-07-15,77,0,0,33,19,24,70
2024-07-16,61,0,0,26,20,23,98
2024-07-17,76,49,0,70,41,27,84
2024-07-18,77,80,0,56,32,29,90
2024-07-19,80,58,0,30,21,24,100
2024-07-20,94,100,0,61,39,29,77
2024-07-21,66,86,0,58,38,25,79
2024-07-22,69,66,0,53,35,26,70
2024-07-23,87,92,64,66,36,24,95
2024-07-24,76,75,0,54,37,25,81
2024-07-25,41,0,0,49,32,24,76
2024-07-26,62,48,0,25,23,20,72
2024-07-27,64,42,0,51,32,24,68
2024-07-28,60,52,0,44,36,20,72
2024-07-29,91,95,0,80,39,25,87
2024-07-30,56,74,0,62,38,24,76
2024-07-31,68,43,0,85,58,25,57
2024-08-01,67,60,0,56,48,24,64
2024-08-02,81,71,71,31,35,20,77
2024-08-03,81,58,0,82,59,26,75
2024-08-04,66,61,0,69,55,26,71
2024-08-05,73,79,0,76,45,24,67
2024-08-06,64,69,0,74,42,22,66
2024-08-07,54,0,0,58,37,21,74
2024-08-08,74,86,0,42,32,19,65
2024-08-09,55,0,0,20,22,17,78
2024-08-10,47,77,0,67,34,21,59
2024-08-11,66,69,0,53,38,22,62
2024-08-12,70,86,0,63,38,25,69
2024-08-13,70,74,0,59,37,24,71
2024-08-14,74,92,0,56,35,33,74
2024-08-15,71,64,0,53,36,29,83
2024-08-16,61,61,0,33,21,26,86
2024-08-17,96,64,0,66,41,36,67
2024-08-18,95,62,0,66,46,35,92
2024-08-19,71,83,0,62,42,31,75
2024-08-20,76,83,0,59,41,38,83
2024-08-21,50,82,0,52,37,27,80
2024-08-22,51,66,0,54,36,23,58
2024-08-23,68,0,0,34,26,24,83
2024-08-24,83,59,0,63,42,32,77
2024-08-25,69,71,0,28,22,31,75
2024-08-26,79,73,0,63,44,72,72
2024-08-27,83,67,0,60,35,47,88
2024-08-28,81,66,0,57,38,39,95
2024-08-29,70,68,0,47,35,33,85
2024-08-30,73,67,0,29,26,25,81
2024-08-31,81,96,0,53,38,29,93
2024-09-01,76,91,0,59,38,26,71
2024-09-02,48,73,0,37,25,20,61
2024-09-03,72,80,0,47,34,27,70
2024-09-04,59,46,0,24,24,26,79
2024-09-05,42,60,0,41,36,25,68
2024-09-06,48,0,0,15,23,24,75
2024-09-07,55,66,0,52,41,25,76
2024-09-08,64,87,0,53,35,25,67
2024-09-09,65,56,0,51,34,27,77
2024-09-10,65,97,0,45,31,26,86
2024-09-11,68,55,0,39,33,24,78
2024-09-12,63,0,0,24,25,21,71
2024-09-13,74,48,0,21,21,23,83
2024-09-14,76,66,0,52,46,33,71
2024-09-15,73,57,0,41,41,28,59
2024-09-16,87,68,0,51,40,32,72
2024-09-17,74,67,0,44,38,33,75
2024-09-18,46,0,66,53,42,39,75
2024-09-19,54,0,0,31,38,44,71
2024-09-20,47,0,0,19,23,37,74
2024-09-21,62,54,0,20,32,40,66
2024-09-22,67,0,0,56,53,49,57
2024-09-23,69,85,0,65,58,44,78
2024-09-24,76,75,0,58,68,44,68
2024-09-25,90,47,0,56,62,50,75
2024-09-26,67,61,0,43,47,100,64
2024-09-27,48,0,0,37,37,58,69
2024-09-28,100,78,67,86,100,51,67
2024-09-29,90,45,0,68,77,41,73
2024-09-30,76,60,100,63,67,37,62
2024-10-01,84,75,64,77,74,33,52
2024-10-02,95,82,63,100,88,31,64
2024-10-03,65,54,0,59,68,26,52
2024-10-04,73,0,0,33,39,22,74
2024-10-05,73,68,0,78,65,28,63
2024-10-06,84,57,0,70,73,25,80
2024-10-07,76,71,0,70,70,27,69
2024-10-08,61,56,0,61,62,25,79
2024-10-09,75,62,0,55,60,23,74
2024-10-10,77,70,0,49,49,22,64
2024-10-11,47,50,0,29,32,19,66
2024-10-12,40,56,0,41,39,67,72
2024-10-13,45,48,0,38,37,60,70
2024-10-14,33,48,0,43,45,67,69
2024-10-15,47,50,0,38,38,57,71
2024-10-16,37,50,0,45,45,60,71
2024-10-17,33,47,0,39,43,52,71
2024-10-18,45,37,0,19,26,45,74
2024-10-19,51,52,0,50,58,65,73
2024-10-20,58,59,0,48,63,63,80
2024-10-21,55,90,0,52,65,59,64
2024-10-22,75,73,53,55,65,60,77
2024-10-23,91,64,0,60,73,65,79
2024-10-24,74,67,0,44,54,64,67
2024-10-25,67,60,0,27,33,80,64
2024-10-26,81,90,81,100,100,76,77
2024-10-27,61,59,0,65,66,59,73
2024-10-28,73,77,0,61,61,61,69
2024-10-29,61,69,0,53,58,62,73
2024-10-30,50,50,0,58,65,62,87
2024-10-31,46,50,0,46,46,47,67
2024-11-01,54,47,0,21,29,40,78
2024-11-02,64,46,88,53,58,56,82
2024-11-03,68,90,0,58,59,57,75
2024-11-04,64,0,0,54,53,58,82
2024-11-05,71,73,0,55,48,54,80
2024-11-06,92,75,62,75,66,69,70
2024-11-07,65,57,0,46,50,58,77
2024-11-08,39,50,0,23,32,49,81
2024-11-09,58,76,0,51,60,67,66
2024-11-10,68,53,0,50,58,95,76
2024-11-11,85,100,0,56,63,91,76
2024-11-12,55,44,0,58,66,100,82
2024-11-13,57,65,0,56,57,89,92
2024-11-14,56,47,0,39,41,70,68
2024-11-15,39,70,0,22,26,64,69
2024-11-16,57,97,0,49,47,85,94
2024-11-17,51,43,0,49,45,76,80
2024-11-18,37,41,0,42,43,75,86
2024-11-19,47,56,0,45,45,74,95
2024-11-20,46,61,0,53,47,78,88
2024-11-21,43,0,0,45,42,70,76
2024-11-22,61,38,0,28,27,73,76
2024-11-23,62,79,0,59,56,96,87
2024-11-24,50,78,0,56,48,85,96
2024-11-25,52,61,0,53,45,82,79
2024-11-26,49,82,0,67,47,79,88
2024-11-27,50,66,0,58,46,79,83
2024-11-28,48,57,0,49,35,78,66
2024-11-29,66,0,0,35,25,68,68
2024-11-30,61,76,0,65,45,88,86
2024-12-01,51,63,0,61,39,81,67
2024-12-02,49,59,0,54,35,83,85
2024-12-03,59,90,0,51,34,85,84
2024-12-04,49,58,0,59,36,90,72
2024-12-05,32,0,0,36,22,84,64
2024-12-06,45,67,0,30,20,69,81
2024-12-07,49,70,0,65,38,88,79
2024-12-08,44,67,0,55,39,87,76
2024-12-09,58,62,54,53,38,80,75
2024-12-10,60,91,0,58,37,81,76
2024-12-11,63,87,0,55,44,79,80
2024-12-12,44,42,0,48,36,66,95
2024-12-13,33,50,81,27,24,62,73
2024-12-14,67,89,0,68,47,78,78
2024-12-15,62,62,96,65,37,76,70
2024-12-16,79,59,0,54,43,73,70
2024-12-17,71,81,92,65,45,80,64
2024-12-18,100,69,0,59,45,76,69
2024-12-19,79,71,0,55,38,63,73
2024-12-20,45,0,65,25,23,53,62
2024-12-21,70,92,65,68,45,73,82
2024-12-22,54,76,0,61,44,59,76
2024-12-23,62,90,58,75,51,68,80
2024-12-24,77,99,80,73,52,64,78
2024-12-25,72,81,0,74,49,65,73
2024-12-26,82,46,0,52,44,65,73
2024-12-27,73,59,98,36,29,67,95
2024-12-28,90,91,63,85,62,90,75
2024-12-29,83,75,0,84,58,81,93
2024-12-30,92,64,80,84,53,83,100
2024-12-31,70,76,100,70,48,79,70
2025-01-01,74,99,0,69,47,76,86
2025-01-02,78,56,70,42,32,77,89
2025-01-03,57,50,58,38,25,67,82
2025-01-04,61,46,0,79,47,81,81
2025-01-05,66,74,0,74,40,66,91
2025-01-06,64,45,0,63,39,73,84
2025-01-07,67,66,0,63,41,71,84
2025-01-08,67,83,0,50,40,61,83
2025-01-09,54,52,0,51,33,59,80
2025-01-10,54,54,79,20,23,52,89
2025-01-11,39,41,48,38,30,76,56
2025-01-12,34,44,26,42,28,64,50
2025-01-13,31,32,0,34,25,64,51
2025-01-14,29,27,0,29,19,55,58
2025-01-15,47,45,35,35,26,69,71
2025-01-16,32,46,0,35,23,67,59
2025-01-17,33,40,24,20,15,63,69
2025-01-18,33,53,20,40,27,86,58
2025-01-19,30,46,21,39,23,100,65
2025-01-20,31,52,26,43,29,95,76
2025-01-21,50,40,0,50,35,89,74
2025-01-22,42,55,23,51,41,93,71
2025-01-23,50,60,0,38,38,77,59
2025-01-24,44,30,0,27,21,61,57
2025-01-25,53,44,0,52,39,83,72
2025-01-26,54,40,22,51,36,67,58
2025-01-27,40,37,21,47,33,70,61
2025-01-28,32,28,0,25,21,51,71
2025-01-29,42,65,0,47,36,71,63
2025-01-30,28,39,0,39,27,61,57
2025-01-31,33,36,0,24,19,56,59
2025-02-01,27,62,0,52,34,62,77
2025-02-02,28,59,0,38,32,64,62
2025-02-03,35,51,0,46,33,64,68
2025-02-04,40,52,0,48,40,67,77
2025-02-05,56,68,0,60,60,69,78
2025-02-06,46,44,0,44,48,67,73
2025-02-07,36,44,39,30,29,55,79
2025-02-08,83,89,81,75,75,77,76
2025-02-09,100,91,47,97,87,80,100
2025-02-10,93,73,100,62,59,63,71
2025-02-11,72,71,72,96,83,85,85
2025-02-12,61,84,29,76,55,69,67
2025-02-13,51,77,32,53,47,65,69
2025-02-14,52,51,40,33,31,57,70
2025-02-15,58,89,31,70,57,75,76
2025-02-16,61,88,29,59,52,69,72
2025-02-17,51,75,27,47,43,79,81
2025-02-18,48,49,0,58,45,67,69
2025-02-19,48,63,0,56,47,70,66
2025-02-20,48,60,25,53,48,72,68
2025-02-21,37,40,36,26,28,58,70
2025-02-22,47,77,44,62,52,76,71
2025-02-23,40,51,47,56,43,66,68
2025-02-24,33,54,51,50,40,65,70
2025-02-25,36,54,37,50,39,63,73
2025-02-26,43,45,21,54,40,67,76
2025-02-27,55,66,0,39,31,61,75
2025-02-28,43,35,31,26,23,56,77
2025-03-01,43,49,25,55,41,63,65
2025-03-02,45,59,31,52,37,60,80
2025-03-03,41,39,34,50,38,64,65
2025-03-04,40,65,0,56,38,57,64
2025-03-05,41,41,0,53,38,63,64
2025-03-06,48,49,0,43,30,57,69
2025-03-07,52,30,25,24,20,45,67
2025-03-08,63,66,24,67,42,66,66
2025-03-09,49,73,23,63,49,71,62
2025-03-10,45,67,21,55,45,61,71
2025-03-11,46,63,0,64,42,65,90
2025-03-12,38,46,0,53,41,69,63
2025-03-13,52,53,0,41,38,62,82
2025-03-14,37,0,0,25,28,49,71
2025-03-15,51,37,0,52,40,68,85
2025-03-16,66,66,0,59,54,63,66
2025-03-17,68,65,0,77,78,75,65
2025-03-18,97,89,28,100,100,80,76
2025-03-19,51,37,0,45,52,59,67
2025-03-20,32,0,0,31,29,45,74
2025-03-21,48,44,0,31,30,52,71
2025-03-22,59,52,0,45,30,57,63
2025-03-23,43,0,0,40,29,51,65
2025-03-24,48,0,26,35,28,58,62
2025-03-25,69,41,0,60,48,69,63
2025-03-26,64,33,0,52,42,67,69
2025-03-27,55,32,0,52,43,56,49
2025-03-28,45,45,0,39,32,53,51
2025-03-29,66,48,0,56,56,56,74
2025-03-30,49,50,0,48,43,57,63
2025-03-31,39,37,0,31,31,45,60
2025-04-01,40,34,0,33,28,49,65
2025-04-02,32,0,0,33,24,44,69
2025-04-03,41,39,0,43,40,44,65
2025-04-04,49,46,25,33,29,40,83
2025-04-05,55,65,28,75,73,65,68
2025-04-06,49,70,25,67,65,59,78
2025-04-07,55,64,0,63,55,59,70
2025-04-08,63,100,0,100,79,64,67
2025-04-09,44,50,0,89,66,62,55
2025-04-10,38,65,23,60,49,48,57
2025-04-11,31,38,33,39,27,38,45
2025-04-12,67,59,55,67,69,39,98
2025-04-13,100,100,100,100,100,47,89
2025-04-14,83,72,51,87,80,38,82
2025-04-15,52,48,50,53,64,33,91
2025-04-16,51,35,31,51,53,35,81
2025-04-17,34,36,31,42,45,27,61
2025-04-18,29,22,33,21,25,22,82
2025-04-19,69,38,59,63,68,36,76
2025-04-20,60,46,38,69,70,38,99
2025-04-21,50,29,44,56,55,33,79
2025-04-22,51,36,33,61,57,34,95
2025-04-23,41,50,33,55,50,32,89
2025-04-24,41,34,0,30,28,21,81
2025-04-25,37,28,58,26,24,20,88
2025-04-26,49,52,28,59,54,32,82
2025-04-27,36,38,45,50,49,32,87
2025-04-28,31,31,44,52,44,29,85
2025-04-29,33,22,0,42,37,29,93
2025-04-30,36,40,0,40,35,29,79
2025-05-01,37,23,0,33,32,26,73
2025-05-02,27,0,35,22,20,19,78
2025-05-03,32,39,33,51,53,34,97
2025-05-04,29,30,28,44,45,28,80
2025-05-05,32,25,33,42,42,28,62
2025-05-06,32,20,0,39,37,27,76
2025-05-07,31,24,0,35,34,26,74
2025-05-08,22,28,0,26,25,24,57
2025-05-09,21,0,0,12,16,19,75
2025-05-10,27,26,0,33,31,33,85
2025-05-11,31,22,34,41,39,29,73
2025-05-12,34,36,0,41,35,31,73
2025-05-13,25,23,0,32,30,32,100
2025-05-14,23,0,0,30,26,27,79
2025-05-15,24,0,0,21,24,26,63
2025-05-16,23,0,0,16,16,20,82
2025-05-17,26,26,0,34,35,27,81
2025-05-18,33,16,0,32,34,27,78
2025-05-19,25,25,0,33,32,25,77
2025-05-20,24,24,0,39,41,27,80
2025-05-21,23,28,28,42,42,29,78
2025-05-22,28,24,0,30,31,28,65
2025-05-23,10,0,0,20,21,20,80
2025-05-24,24,19,0,38,35,26,89
2025-05-25,24,19,0,35,31,25,84
2025-05-26,23,25,0,29,28,29,93
2025-05-27,26,20,0,26,23,25,77
2025-05-28,29,29,0,26,25,26,78
2025-05-29,21,0,0,25,23,22,78
2025-05-30,18,0,0,13,16,14,81
2025-05-31,23,0,0,29,24,24,80
2025-06-01,16,0,0,25,24,25,83
2025-06-02,20,26,0,30,27,26,90
2025-06-03,21,24,0,32,26,24,89
2025-06-04,14,0,0,19,19,18,76
2025-06-05,18,19,0,11,15,17,80
2025-06-06,15,0,0,12,16,17,82
2025-06-07,29,18,0,33,29,25,87
2025-06-08,22,28,0,29,25,24,72
2025-06-09,24,25,0,30,25,26,86
2025-06-10,24,25,0,29,23,26,89
2025-06-11,28,23,0,24,23,24,89
2025-06-12,27,27,0,26,32,26,81
2025-06-13,39,0,33,48,43,20,44
2025-06-14,24,22,39,47,35,18,64
2025-06-15,34,17,0,53,49,26,51
2025-06-16,21,20,0,31,32,20,56
2025-06-17,18,0,0,23,23,20,71
2025-06-18,34,0,0,43,27,100,53
2025-06-19,31,0,0,37,25,49,58
2025-06-20,25,0,0,18,22,29,74
2025-06-21,18,0,28,39,31,31,55
2025-06-22,20,16,0,41,28,27,64
2025-06-23,13,15,0,29,23,27,69
2025-06-24,31,20,29,50,39,28,65
2025-06-25,19,20,33,55,39,32,60
2025-06-26,25,22,0,31,24,23,57
2025-06-27,19,0,0,21,16,19,75
2025-06-28,25,0,0,27,27,29,60
2025-06-29,20,35,0,30,32,33,70
2025-06-30,31,30,14,34,37,35,76
2025-07-01,27,26,15,36,39,33,68
2025-07-02,24,20,14,38,36,31,71
2025-07-03,23,18,8,26,28,30,70
2025-07-04,18,12,6,19,17,22,73
2025-07-05,20,12,7,23,15,20,72
2025-07-06,18,15,16,17,15,22,71
2025-07-07,27,28,13,38,35,32,76
2025-07-08,26,22,15,30,30,29,76
2025-07-09,24,23,10,34,30,31,73
2025-07-10,23,20,8,26,25,30,72
2025-07-11,20,16,10,17,17,28,78
2025-07-12,98,95,100,100,94,89,93
2025-07-13,93,100,99,82,88,95,94
2025-07-14,100,98,100,77,100,100,100
