date,خرید_دلار,فروش_دلار,دلار_فردا,نرخ_ارز,سکه_طلا,صرافی_آنلاین,تورم,انتخابات,اعتراضات,تحریم,برجام,رئیس‌جمهور,انفجار,ترور,حمله,جنگ
2023-07-17,3,2,0,16,47,0,14,19,13,8,2,0,4,2,13,43
2023-07-18,4,2,0,16,44,0,13,16,10,8,2,0,5,2,13,47
2023-07-19,5,2,0,15,40,0,14,15,14,8,2,0,5,2,14,43
2023-07-20,4,2,0,14,35,2,14,13,10,9,2,0,5,3,16,50
2023-07-21,4,2,0,7,23,0,17,13,8,10,2,0,4,3,21,53
2023-07-22,4,1,0,17,40,0,16,14,10,8,2,0,4,2,16,44
2023-07-23,5,1,0,15,47,0,15,24,6,7,2,0,5,3,20,45
2023-07-24,5,2,0,17,50,0,18,20,10,11,3,0,4,4,19,45
2023-07-25,3,2,0,15,49,0,15,15,7,9,2,0,5,3,17,46
2023-07-26,4,1,0,16,39,0,14,11,6,7,2,0,4,3,17,49
2023-07-27,3,1,0,9,21,0,16,13,8,9,2,0,7,2,21,62
2023-07-28,4,2,0,6,19,0,16,15,12,10,2,0,6,3,22,63
2023-07-29,5,2,0,16,48,0,13,15,6,7,2,0,4,2,19,48
2023-07-30,6,2,0,16,42,0,15,21,5,9,2,0,5,2,19,45
2023-07-31,5,2,0,16,47,0,14,17,5,7,2,0,5,3,18,45
2023-08-01,6,2,1,18,52,0,16,16,5,10,2,0,5,2,16,43
2023-08-02,6,2,0,11,39,0,16,17,7,7,2,0,7,2,19,47
2023-08-03,5,2,0,10,33,0,14,23,7,8,2,0,7,3,19,46
2023-08-04,4,2,1,7,25,0,17,18,7,10,2,0,6,3,16,51
2023-08-05,6,3,1,19,51,0,16,23,6,7,2,0,5,2,16,41
2023-08-06,5,2,0,18,45,0,14,27,6,5,2,0,6,2,15,41
2023-08-07,5,2,0,15,42,2,14,35,5,9,2,0,8,2,15,41
2023-08-08,4,1,0,14,42,0,15,31,7,8,2,0,5,3,18,42
2023-08-09,5,2,0,13,38,0,11,28,6,8,2,0,4,2,14,42
2023-08-10,4,2,0,13,34,0,18,32,4,6,2,0,5,3,15,43
2023-08-11,6,2,0,8,23,0,13,37,6,10,2,0,5,4,19,47
2023-08-12,6,2,0,22,51,0,16,37,5,10,2,0,4,3,13,39
2023-08-13,6,2,1,19,49,0,14,42,8,8,2,0,5,8,100,43
2023-08-14,5,2,0,18,41,0,13,30,6,8,2,0,5,9,79,42
2023-08-15,4,2,0,15,36,0,15,24,8,7,2,0,5,5,42,40
2023-08-16,4,2,0,13,35,0,16,21,8,7,2,0,4,4,26,41
2023-08-17,4,2,0,13,32,0,13,15,9,9,2,0,5,4,23,45
2023-08-18,4,2,0,7,19,0,17,19,8,7,2,0,5,3,21,48
2023-08-19,4,1,0,18,38,0,12,18,7,6,2,0,4,4,18,39
2023-08-20,4,1,0,15,38,0,12,18,6,6,2,0,4,3,17,41
2023-08-21,4,2,1,15,39,0,16,16,6,7,1,0,5,3,15,40
2023-08-22,4,2,0,15,41,0,15,14,6,6,1,0,4,3,13,38
2023-08-23,5,2,0,13,39,0,12,13,7,6,1,0,4,3,14,38
2023-08-24,5,1,0,12,33,0,15,14,6,5,2,0,5,3,14,41
2023-08-25,4,2,0,7,22,0,16,14,9,8,2,0,4,3,15,45
2023-08-26,4,2,0,13,36,0,15,16,9,7,2,0,4,3,13,40
2023-08-27,5,2,0,15,38,0,17,16,5,6,2,0,4,3,14,38
2023-08-28,4,1,0,14,34,0,19,15,11,8,1,0,4,4,14,39
2023-08-29,4,1,0,14,34,0,15,15,7,7,2,0,4,3,14,39
2023-08-30,4,1,0,12,36,0,13,15,10,6,1,0,6,3,13,39
2023-08-31,4,2,0,12,31,2,13,12,8,7,2,0,5,3,14,39
2023-09-01,4,0,0,6,20,0,17,14,8,7,2,0,4,3,15,45
2023-09-02,4,1,0,15,36,0,16,12,8,8,2,0,4,3,12,38
2023-09-03,3,2,0,13,39,0,14,12,9,6,2,0,5,3,12,40
2023-09-04,5,1,0,17,39,0,15,14,8,10,2,0,5,3,12,40
2023-09-05,5,1,0,13,34,0,13,12,10,8,2,0,5,4,13,43
2023-09-06,3,1,0,7,20,0,13,15,10,12,2,0,5,4,17,46
2023-09-07,4,1,0,11,33,0,18,13,11,10,1,0,5,3,14,46
2023-09-08,4,2,0,6,19,0,14,14,10,12,2,0,5,4,16,49
2023-09-09,4,2,0,12,35,0,13,16,10,9,1,0,5,3,14,43
2023-09-10,4,2,0,12,33,0,15,16,9,7,2,0,4,3,14,42
2023-09-11,4,2,0,12,37,0,12,13,11,8,2,0,3,3,13,43
2023-09-12,3,1,1,12,35,0,16,14,11,7,2,0,4,3,13,40
2023-09-13,3,1,0,13,39,3,13,13,12,9,2,0,4,3,14,42
2023-09-14,2,1,0,7,23,0,14,14,20,9,1,0,4,3,17,50
2023-09-15,3,2,0,7,15,0,17,14,34,12,2,0,4,3,17,50
2023-09-16,3,1,0,6,17,0,13,12,100,11,2,0,4,3,16,44
2023-09-17,4,1,0,14,35,0,14,13,37,9,1,0,4,2,13,36
2023-09-18,4,2,0,14,34,0,13,30,18,8,1,0,12,2,14,36
2023-09-19,4,2,0,12,35,0,12,20,11,9,1,0,5,2,15,40
2023-09-20,3,2,0,14,34,0,14,14,8,7,2,0,4,3,14,44
2023-09-21,2,1,0,11,33,0,17,13,12,7,2,0,4,3,15,44
2023-09-22,2,2,0,5,19,0,15,16,8,5,2,0,4,3,15,46
2023-09-23,4,2,0,13,35,0,13,15,9,8,2,0,4,2,17,41
2023-09-24,3,0,0,7,23,0,16,17,8,7,2,0,5,2,18,48
2023-09-25,4,2,0,14,36,0,16,18,5,5,2,0,8,2,13,37
2023-09-26,3,2,0,18,43,0,13,16,5,7,2,0,11,2,13,38
2023-09-27,4,2,0,15,42,2,15,18,4,6,2,0,7,2,13,40
2023-09-28,5,1,0,11,37,0,17,16,6,7,2,0,6,2,14,44
2023-09-29,2,0,0,7,21,0,12,17,7,8,1,0,7,2,15,46
2023-09-30,3,1,0,13,43,2,15,20,6,6,1,0,5,2,12,34
2023-10-01,4,2,0,11,37,0,13,19,5,8,1,0,4,2,12,33
2023-10-02,3,2,0,12,33,0,14,15,4,5,1,0,4,1,12,35
2023-10-03,2,1,0,6,24,0,12,13,4,7,1,0,4,2,14,38
2023-10-04,3,1,0,13,37,0,12,19,5,6,1,0,4,2,12,36
2023-10-05,3,1,0,10,32,0,13,14,8,7,1,0,5,2,15,39
2023-10-06,3,2,0,4,23,0,13,15,7,7,1,0,5,2,16,37
2023-10-07,3,2,1,17,48,0,14,15,6,6,1,0,4,2,58,56
2023-10-08,7,2,0,24,84,0,14,17,5,6,1,0,4,2,66,92
2023-10-09,6,3,2,26,100,0,16,18,5,7,1,0,4,2,46,100
2023-10-10,5,3,0,25,89,0,15,19,4,7,1,0,5,3,34,83
2023-10-11,5,2,0,20,72,0,14,17,6,6,2,0,5,2,29,87
2023-10-12,3,1,0,14,48,0,11,12,4,6,1,0,5,2,27,71
2023-10-13,2,1,0,7,32,0,10,13,6,6,1,0,5,2,30,73
2023-10-14,4,1,0,20,61,0,11,18,2,6,1,0,4,2,20,60
2023-10-15,4,2,0,18,55,0,17,20,4,6,1,0,3,2,19,58
2023-10-16,5,3,0,17,57,0,16,19,3,7,1,0,3,1,12,66
2023-10-17,4,2,0,17,59,0,12,19,5,7,1,0,6,1,21,67
2023-10-18,5,2,0,19,58,0,16,27,8,13,1,0,5,1,39,100
2023-10-19,4,2,0,13,46,0,11,28,4,14,1,0,4,2,22,77
2023-10-20,3,0,0,7,35,0,15,21,6,12,1,0,3,2,19,81
2023-10-21,4,2,0,18,55,0,13,33,3,9,0,0,3,1,13,58
2023-10-22,5,2,0,18,58,2,14,32,6,8,1,0,5,1,14,60
2023-10-23,3,2,0,19,56,0,16,30,4,5,1,0,3,1,13,56
2023-10-24,5,3,0,16,49,0,16,35,4,7,1,0,3,1,11,54
2023-10-25,4,2,0,16,53,0,18,39,3,7,1,0,3,2,12,58
2023-10-26,3,2,0,13,47,0,15,29,4,7,1,0,4,2,14,59
2023-10-27,3,1,0,8,32,0,13,24,3,8,1,0,4,2,19,72
2023-10-28,4,2,0,19,79,0,12,35,6,7,1,0,3,1,16,70
2023-10-29,5,3,0,21,66,0,17,40,6,7,0,0,3,1,11,62
2023-10-30,4,2,0,20,65,0,17,42,5,6,1,0,3,1,11,56
2023-10-31,5,3,0,16,54,0,13,42,5,7,1,0,3,1,13,62
2023-11-01,5,1,0,16,50,0,14,44,5,6,1,0,4,1,15,65
2023-11-02,4,2,1,13,45,0,12,18,4,9,1,0,4,2,14,67
2023-11-03,3,1,0,8,33,0,17,17,5,8,1,0,4,2,15,73
2023-11-04,5,2,1,19,56,0,12,21,3,8,1,0,3,1,14,55
2023-11-05,3,2,0,16,55,0,14,25,4,8,0,0,3,1,13,55
2023-11-06,5,1,0,17,45,0,18,26,3,7,0,0,3,1,12,50
2023-11-07,4,2,0,14,45,0,15,24,3,7,1,0,3,2,12,51
2023-11-08,4,2,0,15,44,0,13,23,5,6,1,0,4,1,12,53
2023-11-09,4,2,0,13,40,0,15,26,3,7,1,0,4,2,14,59
2023-11-10,3,1,0,6,23,0,12,50,3,8,1,0,4,1,14,56
2023-11-11,4,2,0,15,44,0,17,52,3,7,0,0,3,1,10,48
2023-11-12,3,0,0,14,39,0,15,37,4,8,1,0,4,1,10,46
2023-11-13,4,1,0,13,42,0,16,31,3,8,0,0,3,1,11,45
2023-11-14,4,2,1,12,38,0,15,31,3,7,0,0,4,1,10,44
2023-11-15,4,2,0,16,38,0,16,26,5,8,1,0,4,2,11,48
2023-11-16,3,2,0,12,34,0,11,26,3,10,0,0,4,2,13,52
2023-11-17,4,2,0,5,24,0,14,19,3,8,0,0,4,2,12,53
2023-11-18,4,1,0,14,42,0,15,22,4,7,1,0,3,1,10,46
2023-11-19,5,2,0,12,37,0,14,22,3,7,0,0,3,1,10,45
2023-11-20,4,1,0,15,39,0,17,20,4,6,0,0,3,1,10,48
2023-11-21,4,1,0,13,36,0,13,22,3,7,1,0,3,1,9,43
2023-11-22,4,2,0,16,36,0,17,22,4,9,0,0,4,1,10,47
2023-11-23,4,1,0,10,33,0,15,18,0,13,1,0,4,2,11,52
2023-11-24,4,0,0,5,26,0,13,15,3,23,0,0,4,2,11,52
2023-11-25,5,2,0,15,45,0,16,21,3,17,0,0,3,1,8,39
2023-11-26,3,1,0,12,39,0,16,21,3,15,1,0,3,1,9,45
2023-11-27,3,2,0,13,42,0,17,21,3,11,1,0,3,1,9,41
2023-11-28,3,2,0,12,37,0,15,19,3,9,0,0,3,3,8,43
2023-11-29,5,2,0,15,45,0,18,23,5,9,0,0,4,2,10,47
2023-11-30,4,1,0,10,38,0,16,23,4,7,1,0,3,2,10,50
2023-12-01,3,0,0,7,27,0,16,22,4,10,1,0,4,1,11,51
2023-12-02,4,1,0,15,56,0,15,22,5,7,0,0,3,1,9,43
2023-12-03,4,3,1,14,49,0,15,21,4,8,1,0,3,1,10,45
2023-12-04,3,1,0,15,52,0,15,25,4,8,0,0,3,1,9,43
2023-12-05,4,1,0,15,42,0,15,21,2,10,1,0,3,1,9,42
2023-12-06,3,2,0,14,44,0,16,26,4,8,0,0,4,2,10,45
2023-12-07,3,0,0,10,36,0,15,26,5,7,1,0,6,1,11,47
2023-12-08,3,2,0,7,23,0,16,23,4,9,1,0,5,2,10,49
2023-12-09,5,3,0,13,46,0,16,23,2,9,0,0,4,1,9,48
2023-12-10,4,2,0,14,39,0,17,26,2,6,0,0,4,1,9,42
2023-12-11,4,2,0,13,39,2,15,26,3,10,1,0,4,1,9,40
2023-12-12,4,1,0,12,35,0,17,24,4,8,0,0,3,2,9,52
2023-12-13,3,1,0,12,36,0,16,24,0,8,0,0,3,2,9,46
2023-12-14,3,1,0,10,35,0,10,20,4,6,0,0,4,1,10,46
2023-12-15,2,1,0,5,25,0,16,19,2,8,1,0,3,2,34,49
2023-12-16,3,2,0,14,40,0,15,24,4,8,1,0,3,2,20,44
2023-12-17,4,1,0,7,25,0,16,24,2,10,1,0,3,2,16,49
2023-12-18,3,2,0,13,40,0,15,26,2,8,0,0,3,1,15,42
2023-12-19,3,2,0,14,41,2,12,27,3,7,0,0,4,1,10,43
2023-12-20,3,0,0,11,35,0,15,29,2,8,1,0,3,1,10,45
2023-12-21,3,0,0,12,28,0,13,22,5,8,0,0,3,2,11,47
2023-12-22,3,0,0,4,25,0,13,23,3,6,0,0,4,1,11,49
2023-12-23,3,2,1,16,47,0,15,36,4,8,1,0,3,2,9,40
2023-12-24,4,2,0,16,42,2,16,36,3,6,1,0,4,1,8,39
2023-12-25,4,1,0,15,40,0,16,31,3,8,0,0,3,2,9,41
2023-12-26,4,2,0,15,44,2,17,28,3,9,0,0,4,4,9,43
2023-12-27,3,1,0,13,42,2,17,36,3,10,0,0,4,3,10,45
2023-12-28,4,3,0,10,40,0,15,33,3,8,0,0,4,3,10,45
2023-12-29,2,1,0,6,30,0,19,48,5,10,0,0,4,3,10,48
2023-12-30,5,2,0,15,50,0,17,46,3,10,1,0,3,2,9,42
2023-12-31,3,1,0,13,43,0,17,44,4,8,0,0,3,2,8,42
2024-01-01,4,2,0,13,44,0,16,43,3,9,1,0,3,3,9,43
2024-01-02,4,1,0,16,57,0,17,37,2,8,1,0,4,5,10,44
2024-01-03,4,2,1,14,54,2,17,43,4,8,0,0,100,19,45,45
2024-01-04,4,2,0,17,58,3,13,51,3,9,0,0,50,23,31,60
2024-01-05,3,1,0,9,34,0,15,100,4,8,0,0,21,16,18,48
2024-01-06,5,3,0,17,53,0,15,71,3,8,0,0,16,19,13,42
2024-01-07,5,2,0,15,58,3,14,66,3,8,0,0,10,15,12,42
2024-01-08,5,2,0,15,53,0,16,61,3,8,0,0,7,9,11,45
2024-01-09,4,2,1,17,59,3,14,63,3,7,1,0,6,6,9,41
2024-01-10,5,2,0,19,70,2,17,60,2,9,0,0,6,6,10,43
2024-01-11,4,2,0,19,63,0,16,55,3,6,0,0,5,8,12,46
2024-01-12,5,2,1,10,40,0,16,58,3,6,0,0,5,10,31,58
2024-01-13,7,3,2,25,97,0,15,60,3,6,0,0,4,9,15,51
2024-01-14,6,3,1,27,100,2,16,65,2,5,1,0,4,6,10,43
2024-01-15,4,1,0,15,51,0,0,1,0,0,0,0,1,2,4,17
2024-01-16,3,1,1,15,45,0,0,2,0,0,0,0,1,1,16,18
2024-01-17,3,2,0,13,47,0,0,1,0,0,0,0,1,1,12,20
2024-01-18,3,2,1,13,44,0,0,1,0,0,0,0,2,2,28,22
2024-01-19,3,1,1,7,22,0,0,1,0,0,0,0,1,3,9,22
2024-01-20,4,2,0,12,44,0,0,1,0,0,0,0,1,3,6,17
2024-01-21,4,2,1,12,39,0,0,2,0,0,0,0,1,2,4,16
2024-01-22,3,1,1,11,38,0,0,2,0,0,0,0,2,2,4,16
2024-01-23,4,2,1,14,43,0,0,1,0,0,0,0,1,1,3,16
2024-01-24,4,1,1,15,41,0,0,2,0,0,0,0,1,1,3,16
2024-01-25,3,1,0,9,25,0,0,1,0,0,0,0,1,2,3,19
2024-01-26,2,1,1,7,19,0,0,2,0,0,0,0,1,4,3,18
2024-01-27,4,2,1,16,47,0,0,2,0,0,0,0,1,3,3,15
2024-01-28,5,2,1,17,41,0,0,2,0,0,0,0,1,2,4,16
2024-01-29,6,2,1,20,53,0,0,2,0,0,0,0,1,2,5,17
2024-01-30,6,2,1,24,66,0,0,1,0,0,0,0,1,1,5,17
2024-01-31,4,3,1,18,54,0,0,2,0,0,0,0,1,1,4,16
2024-02-01,3,2,1,13,38,0,0,2,0,0,0,0,1,2,3,17
2024-02-02,3,1,0,8,22,0,0,2,0,0,0,0,1,3,5,19
2024-02-03,3,1,1,15,44,0,0,1,0,0,0,0,1,1,5,14
2024-02-04,4,1,1,15,45,0,0,2,0,0,0,0,1,1,3,15
2024-02-05,4,2,0,14,46,0,0,2,0,0,0,0,1,1,3,15
2024-02-06,4,2,0,12,36,0,0,2,0,0,0,0,1,1,3,14
2024-02-07,3,2,1,12,35,0,0,2,0,0,0,0,1,1,2,15
2024-02-08,3,1,0,5,21,0,0,2,0,0,0,0,1,1,3,18
2024-02-09,3,1,0,6,17,0,0,3,0,0,0,0,1,1,3,19
2024-02-10,3,1,0,10,32,0,0,2,0,0,0,0,1,1,3,16
2024-02-11,2,2,0,6,19,0,0,2,0,0,0,0,1,1,3,18
2024-02-12,3,2,0,12,35,0,0,2,0,0,0,0,1,1,3,14
2024-02-13,3,1,1,11,30,0,0,2,0,0,0,0,1,1,3,14
2024-02-14,3,1,0,10,26,0,0,2,0,0,0,0,5,0,3,15
2024-02-15,4,1,0,7,24,0,0,3,0,0,0,0,2,1,3,17
2024-02-16,3,1,0,3,15,0,0,3,0,0,0,0,1,1,3,17
2024-02-17,3,1,1,9,31,0,0,3,0,0,0,0,1,1,3,14
2024-02-18,4,2,1,10,31,0,0,3,0,0,0,0,1,1,2,14
2024-02-19,3,1,0,9,29,0,0,3,0,0,0,0,1,0,3,15
2024-02-20,2,1,1,10,28,0,0,3,0,0,0,0,1,0,2,14
2024-02-21,3,2,0,9,26,0,0,4,0,0,0,0,1,1,2,15
2024-02-22,2,1,0,7,24,0,0,6,0,0,0,0,1,1,3,16
2024-02-23,3,1,0,4,15,0,0,5,0,0,0,0,1,1,3,17
2024-02-24,3,1,0,8,26,0,0,5,0,0,0,0,1,1,2,15
2024-02-25,2,1,1,4,15,0,0,5,0,0,0,0,1,1,3,17
2024-02-26,4,2,1,10,32,0,0,6,0,0,0,0,1,1,3,15
2024-02-27,4,1,1,13,37,0,0,7,0,0,0,0,1,0,3,15
2024-02-28,4,1,1,14,35,0,0,9,0,0,0,0,1,1,2,14
2024-02-29,3,1,0,10,29,0,0,12,0,0,0,0,1,1,3,16
2024-03-01,2,1,0,6,21,0,0,45,0,0,0,0,1,1,3,18
2024-03-02,4,2,0,17,49,0,0,100,0,0,0,0,1,1,2,15
2024-03-03,5,1,1,15,51,0,0,22,0,0,0,0,1,0,2,13
2024-03-04,4,2,1,17,50,0,0,8,0,0,0,0,1,0,2,13
2024-03-05,4,1,1,18,62,0,0,5,0,0,0,0,1,0,2,14
2024-03-06,5,2,0,14,57,0,0,4,0,0,0,0,1,0,2,14
2024-03-07,4,1,0,13,45,0,0,3,0,0,0,0,1,1,2,16
2024-03-08,3,1,0,8,27,0,0,2,0,0,0,0,1,0,3,16
2024-03-09,5,2,0,14,53,0,0,2,0,0,0,0,1,0,3,14
2024-03-10,5,2,0,13,48,0,0,1,0,0,0,0,1,0,2,14
2024-03-11,4,1,0,11,41,0,0,1,0,0,0,0,1,0,2,14
2024-03-12,3,1,0,9,37,0,0,1,0,0,0,0,1,0,2,15
2024-03-13,2,1,0,10,38,0,0,1,0,0,0,0,1,0,2,14
2024-03-14,3,1,0,8,34,0,0,1,0,0,0,0,1,1,2,16
2024-03-15,2,0,0,4,22,0,0,1,0,0,0,0,1,1,2,18
2024-03-16,3,1,0,9,37,0,0,1,0,0,0,0,1,1,2,15
2024-03-17,3,1,0,10,42,0,0,1,0,0,0,0,1,1,2,14
2024-03-18,2,1,1,9,43,0,0,2,0,0,0,0,1,1,3,16
2024-03-19,2,0,0,6,25,0,0,1,0,0,0,0,1,1,2,17
2024-03-20,3,1,0,5,18,0,0,1,0,0,0,0,1,1,2,18
2024-03-21,2,1,0,7,26,0,0,1,0,0,0,0,1,1,3,18
2024-03-22,3,1,0,6,24,0,0,1,0,0,0,0,1,1,4,18
2024-03-23,2,1,0,4,28,0,0,1,0,0,0,0,1,1,6,18
2024-03-24,4,1,0,9,38,0,0,0,0,0,0,0,1,1,5,17
2024-03-25,3,1,0,10,38,0,0,0,0,0,0,0,1,1,4,18
2024-03-26,3,1,0,10,37,0,0,0,0,0,0,0,1,1,3,17
2024-03-27,3,0,0,10,37,0,0,0,0,0,0,0,1,1,3,17
2024-03-28,3,1,0,11,34,0,0,0,0,0,0,0,1,1,3,19
2024-03-29,2,0,0,8,24,0,0,1,0,0,0,0,1,1,4,18
2024-03-30,3,1,0,10,39,0,0,0,0,0,0,0,1,1,4,18
2024-03-31,3,1,0,7,25,0,0,1,0,0,0,0,1,1,3,19
2024-04-01,2,0,0,5,22,0,0,1,0,0,0,0,1,2,12,21
2024-04-02,5,2,1,14,68,0,0,1,0,0,0,0,1,1,12,17
2024-04-03,4,2,0,19,71,0,0,1,0,0,0,0,1,1,8,19
2024-04-04,5,2,0,16,83,0,0,0,0,0,0,0,1,1,16,21
2024-04-05,4,1,1,11,47,0,0,0,0,0,0,0,1,1,10,23
2024-04-06,5,2,1,19,81,0,0,0,0,0,0,0,1,1,7,18
2024-04-07,5,2,1,16,66,0,0,0,0,0,0,0,1,1,5,16
2024-04-08,5,2,0,15,65,0,0,0,0,0,0,0,1,1,4,15
2024-04-09,4,1,0,12,54,0,0,0,0,0,0,0,1,1,6,15
2024-04-10,3,1,0,6,29,0,0,0,0,0,0,0,1,1,8,21
2024-04-11,3,2,0,8,29,0,0,0,0,0,0,0,1,1,9,24
2024-04-12,3,1,0,8,28,0,0,0,0,0,0,0,1,1,16,30
2024-04-13,5,2,1,21,78,0,0,0,0,0,0,0,1,1,49,69
2024-04-14,7,2,2,30,100,0,0,0,0,0,0,0,2,1,100,100
2024-04-15,6,2,1,31,100,0,0,0,0,0,0,0,2,1,71,100
2024-04-16,5,2,0,20,86,0,0,0,0,0,0,0,2,1,41,74
2024-04-17,5,3,0,17,74,0,0,0,0,0,0,0,2,1,28,60
2024-04-18,4,2,0,16,63,0,0,0,0,0,0,0,2,1,23,57
2024-04-19,4,2,0,9,42,0,0,0,0,0,0,0,18,1,100,72
2024-04-20,6,2,0,20,76,0,0,0,0,0,0,0,3,1,25,46
2024-04-21,6,3,0,20,71,0,0,0,0,0,1,0,2,1,15,43
2024-04-22,5,2,0,19,71,0,0,0,0,0,0,0,2,1,12,39
2024-04-23,4,2,0,19,68,0,0,0,0,0,0,0,1,1,11,40
2024-04-24,4,2,0,20,70,0,0,0,0,0,0,0,2,1,10,40
2024-04-25,4,2,0,17,59,0,0,0,0,0,0,0,2,1,10,43
2024-04-26,4,2,0,10,35,0,0,0,0,0,0,0,2,1,9,45
2024-04-27,4,2,0,20,76,0,0,0,0,0,0,0,1,1,7,38
2024-04-28,5,2,0,24,81,0,0,0,0,0,0,0,2,1,7,38
2024-04-29,7,3,0,27,86,0,0,0,0,0,0,0,2,1,7,40
2024-04-30,4,2,0,22,73,0,0,0,0,0,0,0,1,1,7,36
2024-05-01,3,1,0,19,63,0,0,0,0,0,0,0,2,1,7,36
2024-05-02,3,1,0,12,49,0,0,1,0,0,0,0,1,1,7,43
2024-05-03,3,1,0,7,30,0,0,1,0,0,0,0,2,1,9,47
2024-05-04,3,1,0,9,31,0,0,1,0,0,0,0,2,1,8,45
2024-05-05,5,2,0,19,72,0,0,1,0,0,0,0,2,1,7,37
2024-05-06,3,2,0,19,61,0,0,1,0,0,0,0,1,1,7,37
2024-05-07,4,2,0,16,56,0,0,1,0,0,0,0,2,3,8,39
2024-05-08,3,2,0,15,49,0,0,1,0,0,0,0,1,2,7,39
2024-05-09,3,1,0,8,41,0,0,1,0,0,0,0,1,2,7,43
2024-05-10,3,2,0,6,26,0,0,7,0,0,0,0,2,1,8,50
2024-05-11,3,1,0,19,51,0,0,6,0,0,0,0,2,1,7,44
2024-05-12,3,2,0,15,49,0,0,1,0,0,0,0,2,1,7,44
2024-05-13,3,1,0,14,50,0,0,1,0,0,0,0,2,1,7,43
2024-05-14,4,2,0,14,48,0,0,0,0,0,0,0,2,1,7,42
2024-05-15,4,1,0,16,43,0,0,0,0,0,0,0,1,1,6,43
2024-05-16,4,2,0,10,37,0,0,0,0,0,0,0,2,2,6,42
2024-05-17,3,1,1,9,23,0,0,0,0,0,0,0,2,1,7,47
2024-05-18,4,2,0,17,48,0,0,0,0,0,0,0,2,1,6,46
2024-05-19,5,1,0,20,57,0,0,2,0,0,0,4,2,8,7,38
2024-05-20,3,2,3,21,62,0,0,4,0,0,0,5,2,13,6,35
2024-05-21,3,1,0,15,46,0,0,2,0,0,0,2,2,7,5,39
2024-05-22,3,1,0,10,30,0,0,2,0,0,0,3,2,7,6,41
2024-05-23,2,0,0,12,35,0,0,2,0,0,0,2,2,6,6,46
2024-05-24,3,0,0,7,22,0,0,2,0,0,0,1,2,4,6,41
2024-05-25,4,2,0,15,49,0,0,2,0,0,0,1,2,3,6,36
2024-05-26,3,1,0,14,52,0,0,2,0,0,0,0,2,2,6,37
2024-05-27,3,1,0,13,47,0,0,2,0,0,0,1,2,2,6,38
2024-05-28,2,1,0,16,48,0,0,2,0,0,0,0,2,2,7,40
2024-05-29,3,1,0,16,44,0,0,2,0,0,0,0,2,2,8,47
2024-05-30,3,1,0,11,39,0,0,3,0,0,0,0,2,2,7,45
2024-05-31,2,2,0,6,23,0,0,4,0,0,0,0,3,2,7,44
2024-06-01,3,1,0,13,35,0,0,4,0,0,0,0,2,1,7,34
2024-06-02,4,1,0,14,38,0,0,5,0,0,0,0,2,2,6,38
2024-06-03,2,0,0,7,22,0,0,6,0,0,0,0,2,2,7,45
2024-06-04,2,1,0,7,24,0,0,3,0,0,1,0,2,2,6,44
2024-06-05,3,2,0,13,37,0,0,3,0,0,1,0,2,1,6,40
2024-06-06,2,1,0,8,29,0,0,2,0,0,0,0,2,2,7,43
2024-06-07,2,0,0,6,21,0,0,3,0,0,0,1,2,1,8,44
2024-06-08,3,1,0,12,36,0,0,3,0,0,0,0,1,1,7,39
2024-06-09,3,1,0,11,35,0,0,6,0,0,0,0,1,1,6,39
2024-06-10,3,1,0,10,36,0,0,5,0,0,0,0,1,2,5,40
2024-06-11,3,1,0,9,33,0,0,4,0,0,0,0,2,1,6,39
2024-06-12,3,1,0,10,29,0,0,4,0,0,1,0,2,2,6,38
2024-06-13,3,2,0,9,27,0,0,5,0,0,1,0,1,2,6,43
2024-06-14,2,1,0,6,17,0,0,5,0,0,1,0,1,2,7,45
2024-06-15,2,1,0,9,29,0,0,4,0,0,1,0,2,2,6,39
2024-06-16,2,0,0,8,29,0,0,4,0,0,1,0,2,1,6,41
2024-06-17,3,1,0,5,20,0,0,6,0,0,1,0,1,2,7,45
2024-06-18,3,1,0,9,33,0,0,5,0,0,1,0,1,1,6,38
2024-06-19,3,1,0,9,29,0,0,5,0,0,2,0,2,1,6,38
2024-06-20,3,1,0,5,28,0,0,6,0,0,1,0,2,1,5,37
2024-06-21,2,0,0,4,17,0,0,8,0,0,1,0,4,1,6,41
2024-06-22,2,1,0,9,36,0,0,6,0,0,1,0,2,1,6,38
2024-06-23,3,1,0,8,32,0,0,6,0,0,1,0,1,2,6,40
2024-06-24,2,0,0,11,40,0,0,7,0,0,1,0,2,1,6,37
2024-06-25,2,1,0,6,24,0,0,9,0,0,1,0,1,2,6,41
2024-06-26,3,1,0,10,36,0,0,11,0,0,1,0,2,2,6,39
2024-06-27,3,0,0,9,37,0,0,20,0,0,1,0,1,2,6,40
2024-06-28,2,1,0,5,23,0,0,65,0,0,1,0,1,2,6,44
2024-06-29,2,0,0,11,41,0,0,100,0,0,1,1,1,1,8,37
2024-06-30,4,0,0,10,45,0,1,11,0,0,2,0,2,1,7,36
2024-07-01,3,2,0,12,42,0,1,8,0,0,2,0,2,1,7,35
2024-07-02,3,1,0,8,37,0,1,9,0,0,2,0,1,1,7,36
2024-07-03,3,2,0,8,34,0,1,9,0,0,2,0,2,2,7,37
2024-07-04,3,1,0,8,36,0,1,11,0,0,1,0,2,2,7,41
2024-07-05,2,1,0,3,20,0,1,55,0,0,1,0,1,2,6,41
2024-07-06,4,2,0,15,53,0,0,53,0,0,1,1,1,1,5,32
2024-07-07,3,1,0,14,43,0,0,5,0,0,1,0,1,1,6,36
2024-07-08,3,0,0,12,41,0,0,3,0,0,1,0,1,1,6,35
2024-07-09,3,2,0,13,40,0,0,2,0,0,1,0,1,1,6,36
2024-07-10,2,2,0,12,38,0,0,1,0,0,0,0,2,2,6,37
2024-07-11,3,1,0,12,32,0,0,1,0,0,0,0,2,1,7,41
2024-07-12,2,2,0,7,22,0,0,1,0,0,1,0,2,2,7,47
2024-07-13,4,1,0,12,32,0,0,1,0,0,0,0,2,4,7,39
2024-07-14,3,2,0,10,30,0,0,1,0,0,0,0,1,39,10,41
2024-07-15,3,0,0,7,19,5,26,90,10,23,0,0,3,10,10,35
2024-07-16,3,0,0,7,20,0,33,98,11,20,0,0,3,6,10,38
2024-07-17,4,2,0,13,41,0,29,91,13,17,0,0,2,5,6,29
2024-07-18,4,2,0,12,31,0,32,92,12,19,0,0,1,4,5,29
2024-07-19,3,2,0,6,21,4,34,100,6,19,0,0,1,3,6,29
2024-07-20,5,2,0,12,40,4,27,69,8,14,0,0,1,2,6,26
2024-07-21,3,2,0,11,37,0,27,93,10,18,0,0,1,2,6,25
2024-07-22,3,2,0,12,35,0,25,93,12,17,0,0,1,2,5,25
2024-07-23,4,2,0,14,36,0,31,77,13,18,0,0,1,2,4,27
2024-07-24,4,2,0,11,37,0,28,68,7,16,0,0,1,2,4,25
2024-07-25,2,0,0,10,34,0,27,56,6,20,0,0,1,2,5,27
2024-07-26,3,2,0,5,23,0,26,60,8,18,0,0,1,3,5,30
2024-07-27,3,2,0,12,32,0,25,53,4,14,0,0,1,2,5,25
2024-07-28,3,1,0,9,36,0,25,70,9,21,0,0,1,2,6,29
2024-07-29,5,2,1,16,40,0,31,71,9,14,0,0,1,1,6,26
2024-07-30,2,2,0,13,39,0,26,60,11,15,0,0,1,2,6,26
2024-07-31,3,2,0,18,59,0,21,47,13,16,0,0,2,100,12,31
2024-08-01,3,2,0,11,48,0,21,39,12,12,0,0,2,24,14,36
2024-08-02,4,1,0,7,35,0,29,50,11,19,0,0,2,15,25,50
2024-08-03,4,2,0,16,59,0,25,42,10,14,0,0,2,8,22,41
2024-08-04,3,2,0,14,55,0,27,41,14,15,0,0,1,5,15,40
2024-08-05,2,1,0,16,46,0,27,32,19,15,0,0,2,4,19,50
2024-08-06,3,2,0,16,42,0,24,41,14,17,0,0,2,3,16,39
2024-08-07,2,0,0,11,37,0,26,31,15,17,0,0,1,3,13,36
2024-08-08,3,2,0,9,33,0,22,33,7,13,0,0,1,2,11,34
2024-08-09,2,0,0,4,22,0,28,33,15,15,0,0,1,2,10,36
2024-08-10,2,2,0,14,34,0,22,32,11,19,0,0,1,2,9,28
2024-08-11,3,1,1,11,38,0,21,28,12,9,0,0,1,2,8,29
2024-08-12,3,2,0,12,39,0,24,29,9,17,0,0,2,2,11,32
2024-08-13,4,1,0,12,37,0,25,30,7,19,0,0,1,2,11,32
2024-08-14,4,2,0,12,36,0,25,28,7,14,0,0,1,2,9,31
2024-08-15,4,2,0,11,36,0,28,27,6,17,0,0,1,2,8,34
2024-08-16,3,1,0,6,22,0,30,32,7,20,0,0,1,2,8,37
2024-08-17,4,2,0,14,41,0,25,35,6,22,0,0,1,1,6,30
2024-08-18,4,1,0,14,46,0,30,30,10,18,0,0,1,2,6,32
2024-08-19,3,1,0,13,43,0,27,35,8,18,0,0,1,2,6,29
2024-08-20,3,2,0,11,41,4,28,34,7,18,0,0,1,1,6,28
2024-08-21,3,0,0,11,38,0,28,34,8,22,1,0,1,2,6,28
2024-08-22,3,2,0,11,35,0,19,32,9,16,0,0,1,1,6,28
2024-08-23,4,1,0,7,26,0,27,36,9,20,0,0,1,3,7,32
2024-08-24,3,2,0,12,42,0,25,30,9,18,0,0,1,2,6,29
2024-08-25,3,2,0,6,22,0,25,30,6,13,0,0,2,2,12,34
2024-08-26,3,2,0,13,45,4,25,27,6,20,0,0,1,2,8,29
2024-08-27,4,0,0,12,36,0,27,31,8,16,0,0,1,2,6,27
2024-08-28,4,2,0,11,38,0,34,30,8,9,0,0,1,2,6,27
2024-08-29,4,2,0,10,36,4,27,30,8,14,0,0,1,2,6,27
2024-08-30,4,2,0,5,26,0,30,26,8,18,0,0,1,2,6,29
2024-08-31,4,2,0,11,38,0,33,32,7,17,0,0,1,2,5,26
2024-09-01,3,2,0,12,38,0,23,28,8,17,0,0,1,1,6,28
2024-09-02,2,0,0,8,26,0,21,31,7,20,0,0,1,2,6,35
2024-09-03,4,2,0,9,35,0,24,26,7,18,0,0,1,2,5,29
2024-09-04,3,0,0,4,25,4,29,31,8,19,0,0,1,2,6,31
2024-09-05,3,2,0,8,36,0,23,31,7,17,0,0,1,2,5,27
2024-09-06,2,1,0,4,23,0,26,36,5,17,0,0,1,2,6,30
2024-09-07,3,2,0,11,41,0,26,31,8,14,0,0,1,1,5,24
2024-09-08,3,2,0,11,35,0,28,40,8,15,0,0,1,1,5,24
2024-09-09,2,1,0,10,34,0,24,32,5,14,0,0,1,1,4,23
2024-09-10,4,1,0,10,31,0,30,37,7,32,0,0,1,1,5,24
2024-09-11,3,1,0,8,34,0,27,51,7,36,0,0,1,1,5,24
2024-09-12,3,0,0,5,25,0,26,37,6,21,0,0,2,1,6,28
2024-09-13,3,1,0,4,23,0,30,38,10,19,0,0,1,1,6,33
2024-09-14,4,2,0,11,46,0,26,39,10,20,0,0,1,1,6,25
2024-09-15,4,1,0,8,41,0,20,34,9,16,0,0,1,1,6,25
2024-09-16,4,2,0,10,40,0,30,29,10,15,0,0,1,2,5,22
2024-09-17,3,2,0,9,39,0,27,37,6,16,0,0,6,2,6,24
2024-09-18,2,0,0,11,42,0,30,25,5,13,0,0,8,2,7,24
2024-09-19,4,1,0,7,37,0,26,32,7,16,0,0,5,1,6,30
2024-09-20,3,1,0,4,23,0,25,33,8,12,0,0,3,2,7,30
2024-09-21,3,1,1,4,33,0,22,36,10,15,0,0,2,2,6,33
2024-09-22,3,1,0,11,52,0,20,32,12,15,0,0,7,1,5,26
2024-09-23,3,1,0,13,58,0,28,35,8,16,0,0,5,2,6,28
2024-09-24,4,3,0,12,68,0,26,42,7,16,0,0,2,1,6,33
2024-09-25,4,1,0,12,63,0,26,42,6,14,0,0,2,1,6,32
2024-09-26,3,2,0,9,48,5,21,36,4,19,0,0,1,1,6,35
2024-09-27,2,2,0,8,37,4,30,38,4,18,0,0,2,13,10,41
2024-09-28,4,2,1,18,100,0,24,35,8,14,0,0,2,26,15,47
2024-09-29,4,2,0,14,77,0,26,42,4,19,0,0,2,9,13,44
2024-09-30,3,2,0,13,68,0,23,47,7,12,0,0,1,5,12,41
2024-10-01,4,2,0,16,75,0,17,44,6,13,0,0,3,4,98,100
2024-10-02,4,2,0,20,89,0,23,37,4,15,0,0,2,3,74,79
2024-10-03,3,1,0,14,67,0,16,35,3,16,0,0,2,4,26,49
2024-10-04,3,0,0,6,39,0,25,49,5,16,0,0,2,6,24,46
2024-10-05,3,2,0,17,66,0,22,46,3,12,0,0,1,5,22,38
2024-10-06,4,1,0,14,73,0,26,51,5,13,0,0,2,3,29,50
2024-10-07,3,2,0,14,71,0,24,44,6,16,0,0,2,2,23,42
2024-10-08,2,0,0,13,62,0,27,47,0,13,0,0,2,3,15,35
2024-10-09,3,2,0,11,60,0,21,51,6,12,0,0,2,3,12,36
2024-10-10,4,1,0,9,49,0,23,54,0,13,0,0,1,2,14,37
2024-10-11,2,2,0,5,32,0,24,68,6,18,0,0,1,2,13,36
2024-10-12,3,2,0,12,55,0,24,62,0,14,0,0,1,1,9,29
2024-10-13,3,2,0,11,55,0,23,60,7,13,0,0,1,1,9,29
2024-10-14,1,1,0,9,46,0,1,2,0,1,0,0,1,1,6,58
2024-10-15,2,1,0,8,38,0,1,2,0,1,0,0,1,1,5,54
2024-10-16,2,1,0,9,45,0,1,3,0,1,0,0,1,1,6,61
2024-10-17,1,1,0,8,43,0,1,2,0,1,0,0,1,3,7,71
2024-10-18,2,1,0,4,26,0,1,2,0,1,0,0,1,3,7,76
2024-10-19,2,1,0,10,58,0,1,3,0,1,0,0,1,3,8,60
2024-10-20,2,1,0,10,63,0,1,3,0,1,0,0,1,3,8,62
2024-10-21,2,1,1,11,64,0,1,3,0,1,0,0,1,1,8,63
2024-10-22,3,1,1,11,65,0,1,3,0,1,0,0,1,1,7,60
2024-10-23,4,1,0,13,74,0,1,3,0,1,0,0,1,2,10,66
2024-10-24,3,2,0,10,55,0,1,3,0,0,0,0,1,2,9,70
2024-10-25,3,1,0,6,34,0,1,4,0,1,0,0,9,4,14,80
2024-10-26,4,2,0,20,100,0,1,2,0,0,0,0,8,3,100,100
2024-10-27,2,1,0,13,67,0,1,3,0,0,0,0,1,2,19,67
2024-10-28,3,2,0,13,61,0,1,4,0,1,0,0,1,1,14,63
2024-10-29,2,1,0,11,59,0,1,5,0,1,0,0,1,1,10,62
2024-10-30,2,1,0,12,66,0,1,5,0,0,0,0,1,1,9,60
2024-10-31,2,1,0,9,45,0,1,6,0,0,0,0,1,1,9,66
2024-11-01,3,1,0,5,29,0,1,7,0,1,0,0,1,1,10,71
2024-11-02,3,1,0,11,57,0,1,9,0,0,0,0,1,1,9,62
2024-11-03,3,2,0,12,59,0,1,10,0,1,0,0,1,1,11,66
2024-11-04,3,1,0,11,53,0,1,17,0,1,0,0,1,1,10,61
2024-11-05,3,1,0,11,48,0,1,58,0,1,0,0,1,1,9,61
2024-11-06,4,2,1,15,67,0,1,100,0,1,0,0,1,1,7,60
2024-11-07,3,2,1,10,50,0,1,8,0,1,0,0,1,1,7,64
2024-11-08,2,1,0,5,32,0,1,4,0,1,0,0,1,1,7,66
2024-11-09,2,1,0,10,60,0,1,2,0,1,0,0,1,1,5,50
2024-11-10,3,1,0,10,58,0,1,2,0,1,0,0,1,1,5,51
2024-11-11,4,3,1,12,65,0,1,1,0,1,0,0,1,1,5,46
2024-11-12,3,1,0,12,66,0,1,1,0,1,0,0,1,1,5,51
2024-11-13,3,1,0,12,57,0,1,1,0,0,0,0,1,1,5,52
2024-11-14,3,0,0,8,42,0,1,1,0,1,0,0,1,1,5,55
2024-11-15,2,2,0,4,26,0,1,1,0,1,0,0,1,1,5,59
2024-11-16,3,2,0,10,48,0,1,1,0,1,0,0,1,1,4,47
2024-11-17,2,2,0,10,45,0,1,1,0,0,0,0,1,1,4,49
2024-11-18,2,2,0,9,44,0,1,1,0,1,0,0,1,1,4,53
2024-11-19,2,1,0,9,45,0,1,1,0,1,0,0,1,1,4,52
2024-11-20,2,1,0,11,47,0,1,1,0,1,0,0,1,1,5,61
2024-11-21,3,1,0,9,42,0,1,0,0,1,0,0,1,1,5,61
2024-11-22,2,1,0,5,27,0,1,1,0,1,0,0,1,1,4,66
2024-11-23,3,2,0,13,57,0,1,1,0,1,0,0,1,1,3,52
2024-11-24,2,1,0,12,48,0,1,1,0,1,0,0,1,1,4,55
2024-11-25,3,1,0,11,44,0,1,1,0,1,0,0,1,0,4,52
2024-11-26,2,2,0,14,47,0,1,1,0,1,0,0,1,1,4,55
2024-11-27,3,1,1,12,46,0,1,1,0,1,0,0,1,1,4,59
2024-11-28,2,1,0,10,35,0,1,1,0,1,0,0,1,1,4,65
2024-11-29,3,1,0,7,25,0,1,1,0,1,0,0,1,1,4,73
2024-11-30,2,1,0,14,46,0,1,0,0,1,0,0,1,1,4,67
2024-12-01,3,1,0,12,39,0,1,1,0,1,0,0,1,1,3,66
2024-12-02,2,0,0,11,35,0,1,1,0,0,0,0,1,1,3,62
2024-12-03,3,2,0,10,34,0,1,1,0,1,0,0,1,1,3,59
2024-12-04,2,1,0,12,38,0,1,1,0,1,0,0,1,1,3,63
2024-12-05,2,1,0,7,22,0,1,1,0,0,0,0,1,1,4,73
2024-12-06,2,1,0,6,20,0,1,1,0,1,0,0,1,1,4,78
2024-12-07,2,1,0,13,38,0,1,1,0,1,0,0,1,1,3,66
2024-12-08,2,1,1,12,39,0,1,1,0,1,0,0,1,1,5,78
2024-12-09,3,1,0,11,39,0,1,0,0,1,0,0,1,1,4,63
2024-12-10,3,2,1,12,38,0,1,1,0,0,0,0,1,1,4,57
2024-12-11,3,2,0,11,44,0,1,1,0,1,0,0,1,1,4,58
2024-12-12,2,0,0,10,36,0,1,1,0,1,0,0,1,1,4,59
2024-12-13,1,1,1,6,25,0,1,1,0,1,0,0,1,1,4,64
2024-12-14,3,2,1,14,46,0,1,0,0,1,0,0,1,1,3,51
2024-12-15,3,1,1,13,37,0,1,0,0,1,0,0,1,1,3,58
2024-12-16,4,1,1,11,43,0,1,0,0,1,0,0,1,1,4,56
2024-12-17,4,2,1,14,45,0,1,1,0,1,0,0,1,1,3,53
2024-12-18,4,2,1,12,46,0,1,0,0,0,0,0,1,1,4,56
2024-12-19,4,2,0,11,38,0,1,1,0,1,0,0,1,1,4,58
2024-12-20,3,0,0,5,23,0,1,1,0,1,0,0,1,1,4,59
2024-12-21,3,2,1,14,45,0,1,1,0,1,0,0,1,1,3,46
2024-12-22,2,1,0,13,45,0,1,1,0,1,0,0,1,1,3,51
2024-12-23,3,2,1,15,51,0,1,1,0,1,0,0,1,1,3,49
2024-12-24,3,2,1,15,52,0,1,2,0,1,0,0,1,1,3,53
2024-12-25,3,2,1,15,49,0,1,2,0,1,0,0,1,1,3,52
2024-12-26,4,2,1,11,45,0,1,2,0,1,0,0,1,1,3,53
2024-12-27,4,1,1,8,29,0,1,2,0,1,0,0,1,1,4,55
2024-12-28,4,2,1,17,63,0,1,1,0,1,0,0,1,1,4,52
2024-12-29,4,2,0,17,59,0,1,1,1,1,0,0,1,1,3,51
2024-12-30,5,1,1,17,54,0,1,1,1,1,0,0,1,1,3,49
2024-12-31,3,2,0,14,46,0,1,1,0,1,0,0,1,1,3,50
2025-01-01,4,2,0,15,48,0,1,1,0,1,0,0,1,1,3,51
2025-01-02,3,1,0,9,32,0,1,1,0,1,0,0,1,1,3,55
2025-01-03,3,1,0,8,25,0,1,1,0,1,0,0,1,1,3,54
2025-01-04,3,1,0,16,47,0,1,1,0,0,0,0,1,1,3,47
2025-01-05,3,2,0,16,41,0,1,1,0,1,0,0,1,3,3,49
2025-01-06,3,1,1,13,39,0,1,1,0,1,0,0,1,2,4,47
2025-01-07,3,1,0,13,41,0,1,1,0,1,0,0,1,2,3,50
2025-01-08,3,2,0,10,41,0,1,1,0,1,0,0,1,2,3,53
2025-01-09,3,1,0,10,34,0,1,1,0,1,0,0,1,3,3,55
2025-01-10,2,1,1,5,24,0,1,1,0,1,0,0,1,3,4,56
2025-01-11,3,1,2,11,41,0,1,1,0,1,0,0,1,2,3,47
2025-01-12,2,1,1,12,38,0,1,1,0,1,0,0,1,1,3,46
2025-01-13,2,0,0,7,24,0,28,23,8,19,1,0,6,8,27,71
2025-01-14,2,1,1,5,17,0,38,35,8,25,2,0,6,9,30,76
2025-01-15,3,1,0,7,23,0,39,29,6,26,3,0,7,8,28,67
2025-01-16,2,1,0,6,21,0,35,27,10,23,2,0,6,9,29,78
2025-01-17,1,1,1,4,14,0,38,26,6,22,2,0,8,8,31,76
2025-01-18,2,1,0,8,26,0,34,22,7,24,2,0,8,99,31,60
2025-01-19,1,1,0,7,22,4,38,25,10,26,2,0,7,47,25,65
2025-01-20,2,1,1,8,26,0,41,30,9,27,1,0,5,25,25,63
2025-01-21,3,1,0,10,32,0,42,24,12,27,2,1,7,17,25,63
2025-01-22,2,1,0,10,36,0,40,22,9,27,2,0,6,12,24,67
2025-01-23,3,1,0,7,35,5,31,24,10,29,2,0,7,12,27,78
2025-01-24,2,1,0,5,20,0,31,25,9,24,2,0,6,13,26,77
2025-01-25,3,1,0,10,35,0,39,24,15,22,2,0,6,10,24,63
2025-01-26,3,1,0,10,35,0,31,40,10,23,1,0,6,8,26,60
2025-01-27,2,1,0,9,31,0,34,32,11,24,2,0,6,7,25,67
2025-01-28,2,1,0,4,19,0,40,17,8,23,3,0,6,8,26,76
2025-01-29,2,1,0,9,34,0,35,21,9,22,2,0,6,7,24,64
2025-01-30,2,1,0,7,25,0,33,23,8,24,2,0,7,9,28,72
2025-01-31,2,1,0,5,18,0,34,20,8,25,2,0,7,9,32,73
2025-02-01,2,1,0,10,32,0,42,20,9,24,2,0,8,7,26,60
2025-02-02,2,1,1,7,29,0,34,26,8,22,2,0,7,6,24,61
2025-02-03,2,1,0,9,30,5,38,22,12,26,2,0,5,6,26,62
2025-02-04,2,1,1,9,37,0,43,19,10,26,1,0,6,7,24,60
2025-02-05,3,1,1,11,55,0,43,27,10,31,2,0,7,6,25,62
2025-02-06,2,1,1,9,45,0,36,29,4,37,1,0,6,6,25,74
2025-02-07,2,1,1,6,27,0,45,25,8,42,4,0,6,7,33,77
2025-02-08,4,2,2,14,69,0,41,25,17,46,5,0,7,6,32,74
2025-02-09,5,2,1,19,88,4,54,37,27,42,3,0,7,7,31,80
2025-02-10,5,1,2,12,55,0,41,28,22,33,3,0,5,9,33,78
2025-02-11,4,1,2,19,76,0,48,19,18,27,2,0,6,7,27,71
2025-02-12,3,2,1,14,53,0,39,19,19,27,2,0,5,7,27,73
2025-02-13,2,2,1,10,44,0,37,20,32,24,1,0,5,7,29,68
2025-02-14,3,1,1,6,29,0,39,24,28,28,1,0,8,7,40,77
2025-02-15,3,2,1,13,52,0,38,38,26,19,1,0,7,6,29,61
2025-02-16,3,2,1,11,50,0,39,28,18,24,2,0,5,7,30,60
2025-02-17,3,2,1,9,40,0,45,21,18,22,1,0,5,5,25,59
2025-02-18,3,1,0,11,42,0,38,28,13,18,0,0,6,6,27,64
2025-02-19,3,1,0,11,44,0,36,28,12,24,1,0,6,5,25,63
2025-02-20,2,1,1,10,45,0,39,28,12,25,0,0,7,6,26,68
2025-02-21,2,1,1,5,26,0,40,43,17,28,2,0,8,7,31,77
2025-02-22,2,2,1,12,48,0,39,81,12,26,1,0,8,7,27,62
2025-02-23,2,1,1,11,40,0,38,100,12,27,1,0,5,8,28,69
2025-02-24,1,1,1,10,37,0,41,96,8,37,1,0,5,8,29,74
2025-02-25,2,1,1,9,37,0,41,54,5,28,1,0,6,8,34,74
2025-02-26,2,1,0,10,35,0,40,40,12,36,0,0,6,6,32,76
2025-02-27,3,1,0,7,29,0,43,45,7,30,1,0,5,6,31,69
2025-02-28,2,1,1,5,21,0,42,45,7,37,1,0,4,6,35,74
2025-03-01,2,1,1,10,39,0,37,67,5,27,1,0,6,5,29,59
2025-03-02,2,1,1,11,35,0,46,38,6,22,1,0,6,5,27,63
2025-03-03,2,1,1,10,35,0,37,26,6,28,1,0,6,5,27,63
2025-03-04,2,1,0,11,36,0,34,25,5,28,1,0,5,5,26,64
2025-03-05,2,1,0,10,34,0,36,26,6,27,2,0,7,5,28,67
2025-03-06,2,1,0,8,28,0,35,21,7,20,1,0,7,8,32,79
2025-03-07,3,1,1,5,17,0,37,21,7,29,1,0,8,7,35,81
2025-03-08,3,2,1,13,40,0,38,17,10,32,2,0,7,7,34,71
2025-03-09,2,1,0,12,45,0,35,20,9,21,2,0,6,7,35,71
2025-03-10,3,1,1,11,41,0,38,16,8,25,2,0,7,7,31,64
2025-03-11,3,1,0,12,38,0,49,21,6,21,2,0,8,9,28,67
2025-03-12,2,1,0,10,37,0,35,23,9,29,2,0,9,7,31,65
2025-03-13,2,1,0,8,36,0,42,14,5,26,1,0,7,7,33,68
2025-03-14,2,1,0,5,26,0,37,13,7,34,2,0,7,8,32,77
2025-03-15,2,1,1,9,38,0,48,15,6,22,2,0,6,7,29,71
2025-03-16,4,1,0,11,51,0,39,12,4,24,0,0,6,7,58,79
2025-03-17,4,1,0,15,73,0,37,10,0,27,1,0,8,9,54,85
2025-03-18,5,2,1,20,93,0,43,11,0,30,1,0,13,11,70,99
2025-03-19,3,1,0,9,49,0,36,15,8,19,0,0,9,9,45,85
2025-03-20,2,1,0,6,27,0,36,16,16,17,1,0,8,10,38,80
2025-03-21,2,1,0,6,27,0,40,16,29,27,2,0,7,9,40,90
2025-03-22,3,1,0,9,29,0,36,24,50,27,1,0,9,10,43,90
2025-03-23,2,0,0,8,27,0,38,19,33,28,2,0,9,9,38,86
2025-03-24,2,0,1,7,26,0,34,19,20,21,1,0,6,8,37,83
2025-03-25,3,1,0,11,44,0,36,13,20,26,1,0,6,6,36,72
2025-03-26,3,1,0,10,39,0,38,13,12,24,2,0,7,6,36,73
2025-03-27,3,1,0,10,40,0,30,13,10,28,0,0,8,5,46,86
2025-03-28,2,1,0,8,29,0,29,13,13,44,1,0,6,7,56,92
2025-03-29,3,1,0,11,53,0,38,13,14,38,2,0,7,13,46,75
2025-03-30,3,1,0,9,40,0,34,12,10,23,2,0,13,14,50,75
2025-03-31,2,1,0,6,29,0,32,15,6,28,1,0,10,9,61,88
2025-04-01,2,0,0,7,26,0,36,15,9,31,1,0,11,9,85,98
2025-04-02,2,0,0,6,22,0,43,12,9,26,1,0,13,7,100,100
2025-04-03,2,1,0,8,38,0,37,10,9,24,1,0,8,9,70,90
2025-04-04,2,1,0,6,27,0,43,14,8,27,2,0,7,7,51,84
2025-04-05,2,1,1,14,68,0,36,14,8,22,2,0,7,6,34,62
2025-04-06,3,1,0,13,61,0,42,14,6,21,2,0,7,7,39,66
2025-04-07,3,1,0,12,52,0,40,15,9,19,1,0,6,5,39,66
2025-04-08,3,2,0,19,74,0,36,10,6,24,5,0,7,15,31,61
2025-04-09,2,1,0,17,61,0,30,15,7,33,4,0,8,17,33,63
2025-04-10,2,1,0,12,46,0,32,13,5,33,4,0,6,8,38,72
2025-04-11,2,1,1,7,25,0,27,12,7,38,5,0,6,7,36,82
2025-04-12,5,2,1,21,68,4,39,17,0,41,8,0,5,4,28,61
2025-04-13,6,3,2,31,100,0,37,18,6,33,6,0,5,5,28,56
2025-04-14,8,3,1,35,100,0,35,17,4,28,0,0,0,0,1,5
2025-04-15,5,2,1,22,80,0,34,14,8,24,0,0,0,0,1,5
2025-04-16,5,2,1,20,67,0,35,13,7,19,0,0,0,0,1,5
2025-04-17,3,1,0,17,56,0,26,12,7,23,0,0,0,0,1,6
2025-04-18,3,1,1,8,32,0,33,19,0,25,0,0,0,0,1,6
2025-04-19,6,2,1,25,85,0,32,18,6,34,0,0,0,0,1,5
2025-04-20,5,2,1,28,88,0,45,21,0,27,0,0,0,0,1,5
2025-04-21,4,1,2,22,69,0,29,14,5,28,0,0,0,0,1,5
2025-04-22,4,2,1,25,71,0,39,20,6,27,0,0,0,0,1,5
2025-04-23,4,2,1,21,61,0,36,10,0,34,0,0,0,0,1,5
2025-04-24,4,1,0,12,35,0,34,8,5,25,0,0,0,0,1,6
2025-04-25,4,1,2,11,30,0,37,13,7,22,0,0,0,0,1,7
2025-04-26,5,2,1,24,67,0,33,15,6,31,0,0,14,0,2,5
2025-04-27,3,1,1,20,61,0,37,16,5,25,0,0,9,0,1,5
2025-04-28,2,1,1,20,54,0,34,31,6,22,0,0,6,0,1,5
2025-04-29,3,1,0,17,47,0,40,28,8,27,0,0,3,0,1,5
2025-04-30,3,1,1,16,43,0,32,22,6,27,0,0,2,0,1,5
2025-05-01,3,0,0,13,39,0,29,11,0,27,0,0,1,0,1,5
2025-05-02,2,1,0,9,25,0,31,10,0,33,0,0,1,0,1,5
2025-05-03,3,2,0,20,65,0,37,14,0,27,0,0,1,0,1,5
2025-05-04,3,1,1,18,56,0,33,22,0,31,0,0,1,0,1,5
2025-05-05,3,1,0,17,54,0,28,12,6,29,0,0,1,0,1,5
2025-05-06,2,2,0,15,46,0,29,22,6,27,0,0,0,0,2,6
2025-05-07,3,1,0,14,43,0,35,16,6,23,0,0,0,0,1,7
2025-05-08,2,1,0,10,31,0,24,13,0,18,0,0,0,0,1,6
2025-05-09,2,0,0,5,20,0,29,16,0,29,0,0,0,0,1,7
2025-05-10,3,2,0,13,39,0,36,17,6,23,0,0,0,0,1,6
2025-05-11,3,1,0,16,49,0,32,22,0,23,0,0,0,0,1,5
2025-05-12,3,1,0,16,44,0,30,20,0,29,0,0,0,0,1,5
2025-05-13,2,1,1,13,38,0,43,21,6,30,0,0,0,0,1,6
2025-05-14,2,0,0,12,32,0,34,13,0,40,0,0,0,0,1,6
2025-05-15,2,1,0,9,30,0,28,17,0,31,0,0,0,0,1,5
2025-05-16,2,0,0,6,20,0,37,19,0,29,0,0,0,0,1,6
2025-05-17,2,1,0,14,44,0,33,19,5,27,0,0,0,0,1,5
2025-05-18,3,1,0,13,42,0,33,26,6,25,0,0,0,0,1,5
2025-05-19,2,1,0,13,40,0,36,23,6,24,0,0,0,0,1,5
2025-05-20,2,1,0,16,51,0,34,20,7,23,0,0,0,0,1,5
2025-05-21,2,1,1,17,52,0,33,19,7,22,0,0,0,0,1,5
2025-05-22,2,1,0,12,38,0,28,12,8,26,0,0,0,0,1,5
2025-05-23,1,1,0,8,26,0,34,21,0,24,0,0,0,0,1,6
2025-05-24,2,1,0,15,44,0,36,22,9,24,0,0,0,0,1,5
2025-05-25,2,1,0,14,39,0,36,27,13,27,0,0,0,0,1,5
2025-05-26,2,1,1,12,35,0,38,30,10,25,0,0,0,0,1,5
2025-05-27,2,1,0,10,29,0,30,37,7,25,0,0,0,1,1,6
2025-05-28,3,1,0,10,32,0,33,26,10,24,0,0,0,0,1,5
2025-05-29,2,1,0,10,28,0,33,21,8,19,0,0,0,0,1,5
2025-05-30,2,0,0,5,20,0,32,20,12,22,0,0,0,0,1,6
2025-05-31,2,0,0,12,30,0,34,40,8,21,0,0,0,0,1,5
2025-06-01,1,0,0,10,30,0,35,30,7,27,0,0,0,0,1,6
2025-06-02,2,1,0,13,33,0,39,30,5,28,0,0,0,0,1,6
2025-06-03,2,1,0,13,33,0,36,20,5,19,0,0,0,0,1,6
2025-06-04,1,0,0,8,24,0,30,18,11,26,0,0,0,0,1,6
2025-06-05,2,0,0,5,19,0,34,21,10,27,0,0,0,0,1,6
2025-06-06,1,0,0,5,20,0,38,19,8,31,0,0,0,0,1,6
2025-06-07,2,1,0,13,36,0,38,25,8,34,0,0,0,0,1,5
2025-06-08,2,2,0,12,31,0,29,18,10,30,0,0,0,0,1,5
2025-06-09,2,0,0,12,31,0,37,21,17,21,0,0,0,0,1,5
2025-06-10,2,1,0,11,28,0,36,30,15,23,0,0,0,0,1,6
2025-06-11,2,1,0,10,29,0,35,20,12,21,0,0,0,0,1,6
2025-06-12,2,1,0,10,40,0,34,15,11,29,0,0,1,0,2,7
2025-06-13,4,1,1,19,54,0,19,11,17,38,0,0,12,6,100,80
2025-06-14,2,1,1,18,43,0,26,14,14,51,0,0,6,2,51,88
2025-06-15,3,1,1,22,61,0,22,12,11,46,0,0,5,2,37,82
2025-06-16,2,0,0,12,39,0,22,15,11,50,0,0,5,2,34,72
2025-06-17,1,0,0,8,29,0,30,19,12,42,0,0,4,3,24,71
2025-06-18,3,0,0,16,34,0,28,18,17,53,0,0,4,2,19,65
2025-06-19,3,0,0,14,31,0,29,0,0,90,0,0,4,1,20,100
2025-06-20,2,0,0,7,27,0,33,13,13,90,0,0,4,1,23,100
2025-06-21,2,0,1,15,39,0,26,12,9,66,0,0,3,1,16,71
2025-06-22,2,1,0,16,35,0,28,15,8,60,0,0,2,1,32,78
2025-06-23,1,1,0,12,29,0,29,17,11,66,0,0,3,1,25,70
2025-06-24,3,1,1,20,48,0,27,19,15,100,0,0,2,1,14,74
2025-06-25,2,1,1,22,50,0,24,20,7,69,0,0,1,1,6,34
2025-06-26,2,1,0,13,31,0,22,21,8,63,0,0,1,1,5,24
2025-06-27,2,0,0,9,20,0,32,11,0,40,0,0,1,1,5,23
2025-06-28,2,0,0,11,34,0,26,15,9,36,0,0,1,1,5,20
2025-06-29,2,1,0,13,39,0,30,28,8,35,0,0,1,1,4,17
2025-06-30,3,1,0,14,46,0,30,19,9,34,0,0,1,1,5,20
2025-07-01,2,2,0,15,45,0,24,17,16,39,0,0,1,1,4,17
2025-07-02,2,1,0,15,45,2,31,19,11,35,0,0,1,0,4,17
2025-07-03,2,1,0,10,34,2,29,15,11,34,0,0,1,0,4,17
2025-07-04,2,0,0,8,22,1,31,16,11,34,0,0,1,1,4,19
2025-07-05,2,1,0,8,19,1,30,16,11,31,0,0,1,1,4,18
2025-07-06,2,1,0,7,19,1,30,17,12,29,0,0,1,1,4,18
2025-07-07,2,1,0,15,44,1,32,18,11,27,0,0,1,1,3,14
2025-07-08,2,1,0,12,39,1,31,19,10,30,0,0,1,1,3,14
2025-07-09,2,1,0,13,38,1,30,17,10,33,0,0,1,0,3,13
2025-07-10,2,1,0,10,33,1,30,18,11,34,0,0,1,1,3,13
2025-07-11,2,1,0,7,22,1,33,18,10,34,0,0,1,1,3,14
2025-07-12,2,1,0,14,36,1,30,15,10,30,0,0,1,1,2,12
2025-07-13,2,1,0,10,34,1,30,18,10,40,0,0,1,1,3,12
2025-07-14,7,3,1,27,100,6,94,45,28,89,7,0,51,18,91,100
2025-07-15,6,3,1,28,98,4,100,51,29,95,5,0,29,17,83,96
2025-07-16,6,3,1,30,93,3,90,57,29,80,3,0,20,18,100,90
